COMPANY,WEBSITE,INDUSTRY,INFO,SDR,BDM,STAGE,LAST ACTIVITY,STAKEHOLDERS,ADDITIONAL COMMENTS,Payment Gateway,Payment Orchestrator,HQ Country,Operating Countries,Est. Revenue (USD),Company's Linkedin,Priority
InVideo AI,invideo.io,AI,Indian online video creation and editing tool for marketers and creators; self-serve subscriptions with a global user base and multi-currency billing.,,,Not Contacted,,,,,,India,,$30–70 M,Search: InVideo AI,P1
Murf AI,murf.ai,AI,Indian AI text-to-speech tool for voiceovers in training and marketing videos; self-serve subscriptions with mostly overseas customers.,,,Not Contacted,,,,,,India,,~$30M est.,Search: Murf AI,P2
Pony .ai,pony.ai,AI,"Chinese autonomous driving company running robotaxi and robotruck fleets; Nasdaq-listed, with paid driverless ride services in several Chinese cities.",,,Not Contacted,,,,,,China,,"~$75M (FY24, Nasdaq)",Search: Pony .ai,P2
Rytr,rytr.me,AI,"Low-cost AI writing assistant for marketing copy and blog content; entirely self-serve subscriptions with a small, globally distributed user base.",,,Not Contacted,,,,,,India,,~$3.8 M,Search: Rytr,P1
Vidu（生数科技）,vidu.com,AI,"Chinese AI video generation service from Shengshu Technology; creators buy credits or subscriptions, with an API for business users.",,,Not Contacted,,,,,,China,,,Search: Vidu（生数科技）,P3
Vidyo AI,quso.ai,AI,"Indian AI tool, now branded quso.ai, that cuts long videos into short social clips; self-serve subscriptions sold globally.",,,Not Contacted,,,,,,India,,NA,Search: Vidyo AI,P3
Air India,airindia.com,Airlines,Tata-owned Indian flag carrier flying domestic and long-haul international routes; tickets sold in dozens of currencies and local payment methods.,,,Not Contacted,,,,,Juspay,India,IN + Global,$7.3 B,https://www.linkedin.com/company/airindia,P3
Air New Zealand,airnewzealand.co.nz,Airlines,"New Zealand's national airline, domestic network plus long-haul routes to Asia, North America and the Pacific; multi-currency ticket sales.",,,Not Contacted,,,,,,New Zealand,New Zealand,,Search: Air New Zealand,P1
ANA (All Nippon Airways),ana.co.jp,Airlines,"Japan's largest airline group, running domestic and international passenger and cargo flights plus a large loyalty and travel commerce business.",,,Not Contacted,,,,,,Japan,,$13.3B,Search: ANA (All Nippon Airways),P1
Asiana Airlines,flyasiana.com,Airlines,"Korean full-service airline serving international and domestic routes, now being merged into Korean Air; cross-border ticket sales in many currencies.",,,Not Contacted,,,,,,South Korea,KR + Global (merging w/ Korean Air),$5.8B,Search: Asiana Airlines,P1
Bamboo Airways,bambooairways.com,Airlines,Vietnamese airline flying mainly domestic routes after heavy restructuring and fleet cuts; local payment methods dominate its bookings.,,,Not Contacted,,,,,,Vietnam,Vietnam (restructuring),$0.5B,Search: Bamboo Airways,P1
Bangkok Airways,bangkokair.com,Airlines,Thai regional airline serving Samui and other tourist destinations and owning Samui airport; bookings come largely from inbound international travellers.,,,Not Contacted,,,,,,Thailand,Thailand,~$700M (FY24),Search: Bangkok Airways,P1
Cathay Pacific,cathaypacific.com,Airlines,"Hong Kong's flag carrier with long-haul passenger and cargo operations, plus the Asia Miles loyalty programme and budget arm HK Express.",,,Not Contacted,,,,,,Hong Kong,Hong Kong,,Search: Cathay Pacific,P1
Cebu Pacific,cebupacificair.com,Airlines,Philippine low-cost carrier on domestic and regional routes; many customers pay by over-the-counter cash and local e-wallets.,,,Not Contacted,,,,,Cell Point Digital,Philippines,PH + Asia,$1.1B,Search: Cebu Pacific,P1
China Airlines,china-airlines.com,Airlines,"Taiwan's flag carrier, international passenger routes plus one of Asia's larger air cargo operations; tickets sold across many markets.",,,Not Contacted,,,,,,Taiwan,Taiwan,,Search: China Airlines,P1
Citilink,citilink.co.id,Airlines,Garuda Indonesia's low-cost subsidiary flying mainly Indonesian domestic routes; bookings lean on local bank transfer and e-wallet payments.,,,Not Contacted,,,,,,Indonesia,Indonesia,Part of Garuda,Search: Citilink,P1
EVA Air,evaair.com,Airlines,"Taiwanese international airline in the Evergreen group, long-haul to North America and Europe plus regional Asia; multi-currency ticket sales.",,,Not Contacted,,,,,,Taiwan,Taiwan,,Search: EVA Air,P1
Fly91,fly91.in,Airlines,Small Indian regional airline based in Goa flying turboprops on underserved domestic routes; sells through its own site and agents.,,,Not Contacted,,,,,REFUTED 2026-09-18 - no Juspay footprint; see not-icp/fly91.md,India,,,https://www.linkedin.com/company/fly91-in,P1
Garuda Indonesia,garuda-indonesia.com,Airlines,Indonesia's state-owned flag carrier on domestic and international routes; ticket sales split between local payment methods and foreign cards.,,,Not Contacted,,,,,,Indonesia,ID + intl,$1.9B,Search: Garuda Indonesia,P1
HK Express,hkexpress.com,Airlines,"Cathay Pacific's low-cost arm flying short-haul from Hong Kong to Japan, Korea and Southeast Asia; high-volume, low-fare bookings.",,,Not Contacted,,,,,,Hong Kong,Hong Kong,Part of Cathay,Search: HK Express,P1
IndiGo,goindigo.in,Airlines,"India's largest airline by market share; enormous domestic ticket volume paid heavily through UPI, plus a growing international network.",,,Not Contacted,,,,,Juspay,India,IN + intl,$8.4B,https://www.linkedin.com/company/indigo-airlines,P3
Japan Airlines (JAL),jal.co.jp,Airlines,"Japan Airlines, the country's second-largest carrier; domestic and international flights, cargo, and a large mileage and travel commerce business.",,,Not Contacted,,,,,,Japan,,$11.4B,Search: Japan Airlines (JAL),P1
Jetstar Airways,jetstar.com,Airlines,"Qantas's low-cost brand flying Australia, New Zealand and Asia routes; high-volume, low-fare bookings across several country storefronts.",,,Not Contacted,,,,,,Australia,AU/NZ + Asia,Part of Qantas,Search: Jetstar Airways,P1
Korean Air,koreanair.com,Airlines,"South Korea's flag carrier with long-haul passenger and major cargo operations; absorbing Asiana, selling tickets in many currencies.",,,Not Contacted,,,,,,South Korea,,$11.3B,Search: Korean Air,P1
Lion Air,lionair.co.id,Airlines,Indonesian low-cost airline group including Batik Air and Wings Air; very high domestic passenger volumes with heavy cash and agent payments.,,,Not Contacted,,,,,,Indonesia,ID + SEA,~$2B est.,Search: Lion Air,P1
Nok Air,nokair.com,Airlines,"Thai low-cost carrier flying mainly domestic routes from Bangkok; bookings often paid at local counters, by bank transfer or e-wallet.",,,Not Contacted,,,,,,Thailand,Thailand,~$300M (FY24),Search: Nok Air,P1
Peach Aviation,flypeach.com,Airlines,ANA's low-cost carrier in Japan flying domestic and short-haul Asian routes; high booking volumes using Japanese local payment methods.,,,Not Contacted,,,,,,Japan,Japan,~US$960m (FY2025 revenue JPY143.3bn - sourced 2026-09-19 from ANA HD IR deck p.43),Search: Peach Aviation,P1
Philippine Airlines,philippineairlines.com,Airlines,"The Philippines' flag carrier on domestic and international routes, with heavy overseas-Filipino traffic and cross-border ticket sales.",,,Not Contacted,,,,,,Philippines,Philippines,,Search: Philippine Airlines,P1
Qantas,qantas.com,Airlines,"Australia's flag carrier, with the Jetstar low-cost brand and a large Frequent Flyer loyalty and points-shopping business.",,,Not Contacted,,,,,,Australia,,$13.8B,Search: Qantas,P1
Scoot,flyscoot.com,Airlines,Singapore Airlines' low-cost arm flying short and medium-haul routes across Asia-Pacific; bookings taken in many regional currencies.,,,Do not Contact,,,Leslie is in touch with them already,,Juspay,Singapore,SG + Asia (SIA sub),$1.5B,Search: Scoot,P1
sichuan airline,sichuanair.com,Airlines,Chengdu-based Chinese airline flying mostly domestic routes plus some international services; bookings dominated by Alipay and WeChat Pay.,,,Not Contacted,,,,,,China,,,Search: sichuan airline,P1
Singapore Airlines,singaporeair.com,Airlines,"Singapore's flag carrier, premium long-haul network plus Scoot and the KrisFlyer loyalty programme; sells tickets in dozens of currencies.",,,Do not Contact,,,Leslie is in touch with them already,,,Singapore,,$14.1B,Search: Singapore Airlines,P1
SpiceJet,spicejet.com,Airlines,"Indian low-cost carrier on domestic and limited international routes; financially strained, with high-volume, low-value UPI and card bookings.",,,Not Contacted,,,,,Juspay,India,India,,Search: SpiceJet,P3
SriLankan Airlines,srilankan.com,Airlines,"Sri Lanka's state-owned flag carrier serving South Asia, the Gulf and Southeast Asia; much of its ticket revenue is foreign currency.",,,Not Contacted,,,,,,Sri Lanka,Sri Lanka + intl,$1.0B,Search: SriLankan Airlines,P1
VietJet Air,vietjetair.com,Airlines,Vietnamese low-cost carrier on domestic and regional Asian routes; large ancillary revenue and heavy reliance on local payment methods.,,,Not Contacted,,,,,,Vietnam,VN + Asia,$2.2B,Search: VietJet Air,P1
Vietnam Airlines,vietnamairlines.com,Airlines,Vietnam's state-owned flag carrier flying domestic and international routes; ticket sales mix local currency and foreign-currency card payments.,,,Not Contacted,,,,,,Vietnam,Vietnam,,Search: Vietnam Airlines,P1
Virgin Australia,virginaustralia.com,Airlines,"Australia's second-largest airline, mostly domestic routes plus short-haul international, with the Velocity frequent flyer programme.",,,Not Contacted,,,,,,Australia,Australia,,Search: Virgin Australia,P1
ZIPAIR,zipair.net,Airlines,JAL's low-cost long-haul carrier flying Tokyo Narita to North America and Asia; sells direct online in multiple currencies.,,,Not Contacted,,,,,,Japan,JP + intl,Part of JAL,Search: ZIPAIR,P1
BYD Company,byd.com,Automotive,Chinese electric vehicle and battery maker selling cars worldwide plus battery and electronics manufacturing; exports and overseas dealerships expanding fast.,,,Not Contacted,,,,,,,Global (CN HQ),~$107B (FY24),Search: BYD Company,P1
Chery Holding Group,chery.cn,Automotive,"Chinese automaker and the country's largest car exporter, selling through dealers and joint ventures across dozens of overseas markets.",,,Not Contacted,,,,,,China,CN + Global,~$40B (FY24),Search: Chery Holding Group,P3
Hyundai,hyundai.com,Automotive,"South Korean automaker selling cars worldwide through dealer networks, with in-house financing and a growing EV and connected-services business.",,,Not Contacted,,,,,,South Korea,,~$120B group (FY24),Search: Hyundai,P1
NIU,niu.com,Automotive,"Chinese electric scooter and e-bike maker, Nasdaq-listed; sells through Chinese retail stores and exports to European and Asian distributors.",,,Not Contacted,,,,,,China,,~$450M (FY24),Search: NIU,P3
Perodua,perodua.com.my,Automotive,"Malaysia's best-selling carmaker, building and selling affordable cars almost entirely in the domestic market through dealers and hire purchase.",,,Not Contacted,,,,,,Malaysia,Malaysia,~$3B est.,Search: Perodua,P3
Tata Motors (EV),tatamotors.com,Automotive,"Electric vehicle arm of Indian automaker Tata Motors, the largest passenger EV seller in India; dealer and online booking sales.",,,Not Contacted,,,,,Juspay,India,,,Search: Tata Motors (EV),P3
TVS Motor Company,tvsmotor.com,Automotive,"Indian two- and three-wheeler manufacturer selling domestically and exporting to Africa, Asia and Latin America; runs a captive finance arm.",,,Not Contacted,,,,,Juspay,India,,,Search: TVS Motor Company,P3
Zhejiang Geely Holding Group,zgh.com,Automotive,"Chinese automotive group owning Geely Auto, Volvo Cars, Polestar, Lotus and Zeekr; vehicle sales and financing across many countries.",,,Not Contacted,,,,,,China,,~$70B group,Search: Zhejiang Geely Holding Group,P1
Althea,althea.kr,Beauty & Cosmetics,"Korean beauty e-commerce platform selling K-beauty brands cross-border to Southeast Asian shoppers, priced and paid in local currencies.",,,Not Contacted,,,,,,South Korea,,~$30M est.,Search: Althea,P1
Amorepacific,apgroup.com,Beauty & Cosmetics,"Korean cosmetics group behind Sulwhasoo, Laneige and Innisfree; sells through own stores, department stores and e-commerce across Asia.",,,Not Contacted,,,,,,South Korea,KR + Global,~$2.8B (FY24),Search: Amorepacific,P1
Kao Corporation,kao.com,Beauty & Cosmetics,"Japanese consumer goods maker of household, personal care and cosmetics brands such as Biore and Attack; sells across Asia and globally.",,,Not Contacted,,,,,,Japan,,~$10B (FY24),Search: Kao Corporation,P1
Mamaearth,mamaearth.in,Beauty & Cosmetics,"Indian direct-to-consumer personal care brand under Honasa Consumer; sells online and through retail, domestic, with high order volumes.",,,Not Contacted,,,,,,India,India,~$250M (Honasa FY25),Search: Mamaearth,P1
Nykaa,nykaa.com,Beauty & Cosmetics,"India's largest online beauty retailer; marketplace plus own brands and physical stores, very high domestic order volumes including cash on delivery.",,,Not Contacted,,,,,Juspay,India,India,~$850M (FY25),https://www.linkedin.com/company/nykaa-com,P2
Purplle,purplle.com,Beauty & Cosmetics,Indian online beauty and personal care retailer aimed at mass-market shoppers beyond the metros; app-led and domestic only.,,,Not Contacted,,,,,Juspay,India,,,https://www.linkedin.com/company/purplle-com,P2
Sephora Singapore,sephora.sg,Beauty & Cosmetics,"Sephora's Singapore business, owned by LVMH; multi-brand beauty retail through mall stores and a local online store.",,,Not Contacted,,,,,,Singapore,,,Search: Sephora Singapore,P1
Sheopals,sheopals.com,Beauty & Cosmetics,"Indian direct-to-consumer brand selling ayurvedic and herbal wellness and personal care products online; domestic, high volumes of small orders.",,,Not Contacted,,,,,Juspay,India,,,Search: Sheopals,P2
Shiseido,shiseido.com,Beauty & Cosmetics,"Japanese cosmetics group with brands including Shiseido, NARS and Cle de Peau; large China, Japan and travel-retail sales.",,,Not Contacted,,,,,,Japan,,~$6.5B (FY24),Search: Shiseido,P1
Sociolla,sociolla.com,Beauty & Cosmetics,Indonesian beauty retailer selling cosmetics online and through stores; domestic market relying heavily on local wallets and bank transfers.,,,Not Contacted,,,,,,Indonesia,ID + VN,~$150M est.,Search: Sociolla,P1
Strawberrynet,strawberrynet.com,Beauty & Cosmetics,Hong Kong online retailer of discounted branded cosmetics and fragrance shipping worldwide; multi-currency checkout is central to the model.,,,Not Contacted,,,,,,Hong Kong,,~$150M est.,Search: Strawberrynet,P1
Stylevana,stylevana.com,Beauty & Cosmetics,Hong Kong cross-border e-commerce site selling Korean and Japanese beauty products internationally; multi-currency pricing and worldwide shipping.,,,Not Contacted,,,,,,Hong Kong,,~$200M est.,Search: Stylevana,P1
Sugar Cosmetics,sugarcosmetics.com,Beauty & Cosmetics,"Indian colour cosmetics brand; online-first direct-to-consumer plus retail counters, aimed at younger women, sales mostly domestic.",,,Not Contacted,,,,,,India,India,~$60M (FY24),Search: Sugar Cosmetics,P2
Sulwhasoo,sulwhasoo.com,Beauty & Cosmetics,"Amorepacific's premium Korean skincare brand built on herbal ingredients; sold through department stores, travel retail and online across Asia.",,,Not Contacted,,,,,,South Korea,,Part of Amorepacific,Search: Sulwhasoo,P3
Tira (Reliance Beauty),tirabeauty.com,Beauty & Cosmetics,"Reliance Retail's beauty chain and app in India; multi-brand cosmetics sold across stores and online, domestic only.",,,Not Contacted,,,,,Juspay,India,,,Search: Tira (Reliance Beauty),P2
Tony Moly,tonymoly.com,Beauty & Cosmetics,"Korean cosmetics brand known for novelty packaging; skincare and makeup sold via own stores, e-commerce and export distributors.",,,Not Contacted,,,,,,South Korea,,~$150M (FY24),Search: Tony Moly,P3
Watsons,watsons.com,Beauty & Cosmetics,"AS Watson's health and beauty retail chain; thousands of stores plus e-commerce across Hong Kong, China and Southeast Asia.",,,Not Contacted,,,,,,Hong Kong,Asia + EU (AS Watson),~$22B AS Watson group,Search: Watsons,P1
YesStyle,yesstyle.com,Beauty & Cosmetics,Hong Kong cross-border e-commerce retailer shipping Asian beauty and fashion worldwide; multi-currency checkout and international card payments.,,,Not Contacted,,,,,,Hong Kong,,~$300M (FY24),Search: YesStyle,P1
CAR Inc.,zuche.com,Car Rental,"China's large self-drive car rental company, formerly Shenzhou Zuche; short and long-term rentals booked via app and stores.",,,Not Contacted,,,,,,China,,~$1.2B (FY24),Search: CAR Inc.,P1
eHi Car Services,1hai.cn,Car Rental,"Chinese car rental and chauffeured-car company; self-drive fleet across hundreds of cities, booked through its app and partners.",,,Not Contacted,,,,,,China,,~$1.7B (FY24),Search: eHi Car Services,P1
GoCar,gocar.my,Car Rental,"Malaysian car-sharing service renting vehicles by the hour or day through an app; domestic, frequent small-value transactions.",,,Not Contacted,,,,,,Malaysia,,~$20M est.,Search: GoCar,P1
JUCY Rentals,jucy.com,Car Rental,New Zealand campervan and car rental company serving inbound tourists in New Zealand and Australia; bookings often prepaid from overseas.,,,Not Contacted,,,,,,New Zealand,,~$100M est.,Search: JUCY Rentals,P3
MyChoize,mychoize.com,Car Rental,"Indian self-drive car rental service; hourly, daily and monthly bookings with vehicle delivery, booked through app and website.",,,Not Contacted,,,,,,India,,~$30M est.,Search: MyChoize,P1
Nippon Rent-A-Car,nipponrentacar.co.jp,Car Rental,"One of Japan's largest car rental chains, with branches nationwide serving domestic renters and inbound tourists.",,,Not Contacted,,,,,,Japan,,~$700M est.,Search: Nippon Rent-A-Car,P1
Revv,revv.co.in,Car Rental,"Indian self-drive car rental and car subscription service; app bookings with doorstep delivery, plus recurring monthly subscription billing.",,,Not Contacted,,,,,,India,,~$20M est.,Search: Revv,P3
SOCAR,socar.kr,Car Rental,"South Korea's main car-sharing platform; short-duration app-based rentals with very high booking volumes, domestic market only.",,,Not Contacted,,,,,,South Korea,South Korea,~$300M (FY24),Search: SOCAR,P2
Thrify Car Rental,thrifty.com.au,Car Rental,"Thrifty's Australian car and truck rental network; airport and city branches serving leisure, corporate and commercial renters.",,,Not Contacted,,,,,,Australia,,,Search: Thrify Car Rental,P3
Times Car Rental,timescar.jp,Car Rental,"Japan's largest car rental and car-sharing operator, part of parking group Park24; nationwide branches and station-based car sharing.",,,Not Contacted,,,,,,Japan,,Part of Park24 ~$2B,Search: Times Car Rental,P3
TRAC,trac.astra.co.id,Car Rental,"Astra's vehicle rental arm in Indonesia; corporate fleet leasing and chauffeur-driven rental, plus retail self-drive hire.",,,Not Contacted,,,,,,Indonesia,,Part of Astra,Search: TRAC,P1
Zoomcar,zoomcar.com,Car Rental,"Indian self-drive car rental marketplace, largely listing privately owned cars; hourly and daily bookings, also active in other emerging markets.",,,Not Contacted,,,,,Juspay,India,,~$70M (FY24),Search: Zoomcar,P3
Art of Living,artofliving.org,Crowdfunding and Donations,Indian-founded spiritual and humanitarian organisation running meditation courses and charity programmes worldwide; collects donations and course fees in many countries.,,,Not Contacted,,,,,Juspay,India,,,https://www.linkedin.com/company/art-of-living_2,P2
Buy Me a Coffee,buymeacoffee.com,Crowdfunding and Donations,Platform letting creators take one-off tips and recurring memberships from fans worldwide; recurring billing plus payouts to creators globally.,,,Not Contacted,,,,,,India,,,Search: Buy Me a Coffee,P3
bitbank,bitbank.cc,Crypto & Digital Assets,"Japanese licensed cryptocurrency exchange for retail spot trading; yen deposits by domestic bank transfer, Japan-focused.",,,Not Contacted,,,,,,Japan,Japan,,Search: bitbank,P3
bitFlyer,bitflyer.com,Crypto & Digital Assets,"One of Japan's largest cryptocurrency exchanges; retail and institutional spot and derivatives trading, mostly yen-denominated.",,,Not Contacted,,,,,,Japan,Japan,,Search: bitFlyer,P1
Bitkub,bitkub.com,Crypto & Digital Assets,"Thailand's largest cryptocurrency exchange; baht spot trading for retail users, funded through local bank transfers.",,,Not Contacted,,,,,,Thailand,Thailand,,Search: Bitkub,P2
BitoPro,bitopro.com,Crypto & Digital Assets,"Taiwanese cryptocurrency exchange offering spot trading in Taiwan dollars for retail users, funded via local bank and convenience-store payments.",,,Not Contacted,,,,,,Taiwan,Taiwan,~$30M est.,Search: BitoPro,P2
BTC Markets,btcmarkets.net,Crypto & Digital Assets,Australian cryptocurrency exchange for retail and institutional spot trading in Australian dollars; deposits made by local bank transfer.,,,Not Contacted,,,,,,Australia,Australia,~$50M est.,Search: BTC Markets,P2
Coincheck,coincheck.com,Crypto & Digital Assets,"Japanese cryptocurrency exchange owned by Monex Group; retail spot trading and an NFT marketplace, yen deposits domestically.",,,Not Contacted,,,,,,Japan,Japan,,Search: Coincheck,P2
CoinDCX,coindcx.com,Crypto & Digital Assets,"Indian crypto exchange for retail traders; INR on-ramps through domestic banking rails, high trade volumes under tight local regulation.",,,Not Contacted,,,,,,India,India,,Search: CoinDCX,P2
Coinhako,coinhako.com,Crypto & Digital Assets,Singapore retail crypto exchange serving Southeast Asian users; fiat on-ramps in SGD and other regional currencies.,,,Not Contacted,,,,,,Singapore,Singapore,,Search: Coinhako,P2
CoinJar,coinjar.com,Crypto & Digital Assets,"Australian retail crypto exchange and spending card, also operating in the UK; AUD and GBP on-ramps, recurring buy plans.",,,Not Contacted,,,,,,Australia,AU/UK,~$40M est.,Search: CoinJar,P1
Coins.ph,coins.ph,Crypto & Digital Assets,Philippine crypto wallet and exchange that doubles as a payments app; heavy cash-in/cash-out and remittance volume.,,,Not Contacted,,,,,,Philippines,Philippines,~$50M est.,Search: Coins.ph,P2
CoinSpot,coinspot.com.au,Crypto & Digital Assets,"Australian retail crypto exchange aimed at beginners; AUD deposits via PayID, cards and bank transfer, domestic user base.",,,Not Contacted,,,,,,Australia,Australia,,Search: CoinSpot,P1
CoinSwitch,coinswitch.co,Crypto & Digital Assets,Indian crypto investing app for retail users; INR deposits and withdrawals through domestic banking rails.,,,Not Contacted,,,,,,India,India,,Search: CoinSwitch,P2
Independent Reserve,independentreserve.com,Crypto & Digital Assets,"Australian and Singapore crypto exchange serving retail and institutional clients; AUD, NZD, SGD and USD trading pairs.",,,Not Contacted,,,,,,Australia,Australia,,Search: Independent Reserve,P2
Indodax,indodax.com,Crypto & Digital Assets,"Indonesia's largest crypto exchange; IDR deposits through local banks and virtual accounts, very retail-heavy volume.",,,Not Contacted,,,,,,Indonesia,Indonesia,,Search: Indodax,P1
Luno,luno.com,Crypto & Digital Assets,"Crypto exchange owned by Digital Currency Group; retail users in South Africa, Nigeria, Malaysia and Europe with local-currency on-ramps.",,,Not Contacted,,,,,,Singapore,SG/MY + Global,Part of DCG,Search: Luno,P1
Mudrex,mudrex.com,Crypto & Digital Assets,Indian crypto investing platform selling curated coin baskets and bundles to retail investors; INR deposits.,,,Not Contacted,,,,,,India,India,,Search: Mudrex,P1
PDAX,pdax.ph,Crypto & Digital Assets,"Philippine licensed crypto exchange; PHP deposits via local banks and e-wallets, serving retail and institutional traders.",,,Not Contacted,,,,,,Philippines,Philippines,,Search: PDAX,P1
Pintu,pintu.co.id,Crypto & Digital Assets,Indonesian retail crypto investing app aimed at first-time buyers; IDR on-ramps through local banks and e-wallets.,,,Not Contacted,,,,,,Indonesia,Indonesia,,Search: Pintu,P3
Swyftx,swyftx.com,Crypto & Digital Assets,"Australian retail crypto exchange with hundreds of assets; AUD deposits and recurring buys, also operating in New Zealand.",,,Not Contacted,,,,,,Australia,Australia,,Search: Swyftx,P1
Tokocrypto,tokocrypto.com,Crypto & Digital Assets,Indonesian crypto exchange majority owned by Binance; IDR trading and deposits through local banking rails.,,,Not Contacted,,,,,,Indonesia,Indonesia,,Search: Tokocrypto,P2
ZebPay,zebpay.com,Crypto & Digital Assets,"One of India's oldest crypto exchanges, also operating from Singapore and Dubai; INR trading for retail users.",,,Not Contacted,,,,,,India,India,,Search: ZebPay,P2
Delta Exchange,delta.exchange,Crypto & Digital Assets,"Crypto derivatives exchange for bitcoin and altcoin futures and options; India-regulated arm alongside a global platform, INR and stablecoin deposits.",,,Not Contacted,,,Do the research and target this account ASAP.,,,India,India + Global,,https://www.linkedin.com/company/delta-exchange,P3
Aisle,aisle.co,Dating,"Indian dating app for serious relationships, aimed at South Asians at home and abroad; paid subscriptions and credits.",,,Not Contacted,,,,,,India,,~$5M est.,Search: Aisle,P1
Azar,azarlive.com,Dating,"Random video chat app from Hyperconnect, now Match Group; global users buy in-app coins, mostly via app-store billing.",,,Not Contacted,,,,,,South Korea,"Global (KR, Hyperconnect/Match)",Part of Match Group,Search: Azar,P1
Chamet 富聊,chamet.com,Dating,Live video chat and streaming social app from Hong Kong; users across MENA and Asia buy coins for calls and gifts.,,,Not Contacted,,,,,,Hong Kong,,,Search: Chamet 富聊,P3
Dostt,dostt.in,Dating,"Indian app for audio and video calls with paid companions; users buy coins and spend per minute, domestic only.",,,Not Contacted,,,,,Juspay,India,,,Search: Dostt,P3
FRND,frnd.io,Dating,Indian audio-first dating and friendship app aimed at tier-2 and tier-3 cities; revenue from in-app coins and virtual gifting.,,,Not Contacted,,,,,Juspay,India,,,https://www.linkedin.com/company/frnd-app,P1
Litmatch,litmatch.net,Dating,Chinese-built anonymous chat and dating app popular across Southeast Asia; monetised through in-app coins and virtual gifts.,,,Not Contacted,,,,,,China,,~$100M est.,Search: Litmatch,P1
livu （莱熙）,livuapp.com,Dating,"Random live video chat app for meeting strangers; global users buy coins, billed largely through Apple and Google.",,,Not Contacted,,,,,,Hong Kong,,,Search: livu （莱熙）,P1
Mico,micoworld.net,Dating,Chinese-built live streaming and social discovery app popular in MENA and Asia; revenue from virtual gifting and coin purchases.,,,Not Contacted,,,,,,China,,~$200M est.,Search: Mico,P1
Momo/HelloGroup,immomo.com,Dating,Chinese social discovery and live streaming company behind Momo; virtual gifts and memberships drive very high domestic transaction volume.,,,Not Contacted,,,,,,China,,,Search: Momo/HelloGroup,P2
Shaadi.com,shaadi.com,Dating,"Matrimonial matchmaking, prepaid 3/6/12-month membership packages. Operated by People Interactive (India) Pvt Ltd, CIN U72900MH2000PTC124485. DISPLACEMENT - Juspay CONFIRMED on Android, iOS and web (verified 2026-09-21 on Juspay's CDN merchant namespace, with a 403 control test). Shaadi also hand-built a second gateway selector above Juspay reaching Checkout.com, Paytm and BillDesk. Was delisted from Google Play in Mar 2024 over billing and was a CCI complainant / NCLAT appellant for payment routing control. iOS sells via Apple IAP; Android carries NO Play billing products, so 1 Cr+ installs funnel to Shaadi's own web checkout. Researched 2026-09-21, ICP 16/29.",,,Not Contacted,,,,"Behind Juspay: PayU (dominant), BillDesk (netbanking), Paytm, Razorpay (Amex), Yes Bank, LazyPay. Direct: Checkout.com (intl cards + Google Pay, shipped Apr/May 2026), PayPal (redirect), Paytm, BillDesk. NOT Adyen/Stripe (caught as false positives).","Juspay - CONFIRMED 2026-09-21 via assets.juspay.in merchant namespace (android/ios/web), control-tested. DISPLACEMENT motion - never open with 'you have no orchestration'.",India,"India 73.04% of traffic; US 15.04%, Canada 3.83% (+77.6% YoY), UK 1.72%, UAE 1.50%, Australia 1.03%. Single .com property - NO regional estate, no local entity outside India (UK registry-confirmed).","FY21 INR 234.71 Cr, FY22 INR 260.17 Cr (MCA MGT-7, filed). FY23 filed as INR 3,098.31 Cr - likely a one-digit filing error; /10 gives INR 309.83 Cr. Newest credible figure is 3 years stale. Do not quote.",Search: Shaadi.com,P1
Tantan,tantanapp.com,Dating,"Chinese swipe-based dating app owned by Hello Group; subscriptions and virtual currency, users almost entirely domestic.",,,Not Contacted,,,,,,China,,Part of Hello Group ~$1.5B,Search: Tantan,P2
TrulyMadly,trulymadly.com,Dating,"Indian dating app for young urban users; paid subscriptions and in-app credits, domestic market only.",,,Not Contacted,,,,,Juspay,India,India,~$10M est.,Search: TrulyMadly,P3
123RF,123rf.com,Digital Products & Subscriptions,"Malaysia-based stock photo, vector and video marketplace; subscription and credit plans sold to designers worldwide, contributor payouts.",,,Not Contacted,,,,,,Malaysia,,,Search: 123RF,P2
Astroyogi,astroyogi.com,Digital Products & Subscriptions,"Indian astrology consultation platform connecting users with astrologers by chat, call and video; wallet top-ups charged per minute.",,,Not Contacted,,,,,Juspay,India,,,https://www.linkedin.com/company/astroyogiofficial,P2
Dashtoon,dashtoon.com,Digital Products & Subscriptions,"Indian webtoon app publishing digital comics; readers buy coins to unlock episodes, billed mainly through app stores.",,,Not Contacted,,,,,Juspay,India,,,https://www.linkedin.com/company/dashtoon,P1
Envato,envato.com,Digital Products & Subscriptions,"Australian marketplace for website templates, stock video, audio and graphics; subscriptions plus payouts to a global author base.",,,Not Contacted,,,,,,Australia,Australia,,Search: Envato,P1
Freepik,freepik.com,Digital Products & Subscriptions,"Spanish stock graphics, photo and AI image platform; subscription plans sold to designers worldwide, with contributor payouts.",,,Not Contacted,,,,,,,,,Search: Freepik,P2
Genially,genial.ly,Digital Products & Subscriptions,"Spanish tool for building interactive presentations, infographics and e-learning content; SaaS subscriptions sold internationally.",,,Not Contacted,,,,"Stripe, Braintree",,,,,Search: Genially,P1
Grammarly,grammarly.com,Digital Products & Subscriptions,"Writing assistant that checks grammar, spelling and tone across apps; freemium consumer and business subscriptions billed worldwide.",,,Not Contacted,,,,Stripe; cards,,,,,Search: Grammarly,P1
IconScout,iconscout.com,Digital Products & Subscriptions,"Indian marketplace for icons, illustrations and 3D assets; subscriptions and credit packs, plus payouts to contributors.",,,Not Contacted,,,,,,India,,,Search: IconScout,P2
InstaAstro,instaastro.com,Digital Products & Subscriptions,Indian astrology app connecting users with astrologers for chat and call consultations; wallet top-ups charged per minute.,,,Not Contacted,,,,,Juspay,India,,,https://www.linkedin.com/company/instaastro-spritual-guide,P1
Kittl,kittl.com,Digital Products & Subscriptions,Browser-based graphic design tool aimed at print-on-demand sellers and creators; monthly SaaS subscriptions sold globally.,,,Not Contacted,,,,,,,,,Search: Kittl,P2
Little Hotelier,littlehotelier.com,Digital Products & Subscriptions,SiteMinder's property management and booking system for small hotels and B&Bs; recurring SaaS subscriptions across many countries.,,,Not Contacted,,,,,,Australia,,Part of SiteMinder,Search: Little Hotelier,P1
MotionElements,motionelements.com,Digital Products & Subscriptions,"Singapore stock media marketplace for video, music and After Effects templates; subscriptions plus contributor payouts across Asia.",,,Not Contacted,,,,,,Singapore,,,Search: MotionElements,P1
Rakuten Kobo,kobo.com,Digital Products & Subscriptions,"E-book and audiobook retailer with its own e-readers, run jointly from Japan and Canada; digital content sold in many currencies.",,,Not Contacted,,,,,,Japan/Canada JV,JP/CA + Global,~$400M est.,Search: Rakuten Kobo,P1
Scribd,scribd.com,Digital Products & Subscriptions,"Subscription service for e-books, audiobooks and user-uploaded documents, including Everand and SlideShare; recurring consumer billing worldwide.",,,Not Contacted,,,,,,,,,Search: Scribd,P2
Singapore Press Holdings,sphmedia.com.sg,Digital Products & Subscriptions,Singapore news publisher behind The Straits Times and Business Times; growing share of revenue from digital news subscriptions.,,,Not Contacted,,,,,,Singapore,,,Search: Singapore Press Holdings,P1
Stary,stary.com,Digital Products & Subscriptions,"Singapore operator of the Dreame and FicFun web-novel apps; readers buy coins to unlock chapters, global audience.",,,Not Contacted,,,,,,Singapore,,~$100M est.,Search: Stary,P2
The Economic Times (Times Internet),economictimes.indiatimes.com,Digital Products & Subscriptions,"Indian business news site from Times Internet; ET Prime digital subscriptions alongside advertising, readers mostly domestic.",,,Not Contacted,,,,,Juspay,India,,,Search: The Economic Times (Times Internet),P2
Times Prime,timesprime.com,Digital Products & Subscriptions,"Indian bundled membership from Times Internet packaging third-party streaming, food and travel subscriptions; annual recurring billing.",,,Not Contacted,,,,,Juspay,India,,,Search: Times Prime,P2
Wondershare （万兴科技）,wondershare.com,Digital Products & Subscriptions,"Chinese consumer software maker behind Filmora, PDFelement and Recoverit; subscriptions and licences sold globally in many currencies.",,,Not Contacted,,,,,,China,,~$300M (FY24),Search: Wondershare （万兴科技）,P1
51Talk,51talk.com,E-Learning & EdTech,"Online English tutoring using Filipino teachers, now selling outside China; prepaid lesson packages plus payouts to overseas tutors.",,,Not Contacted,,,,,,China/Philippines,CN/PH + Global,~$50M (FY24),Search: 51Talk,P1
Adda247,adda247.com,E-Learning & EdTech,"Indian test-prep platform for government job and banking exams; sells online courses, mock tests and books to domestic students.",,,Not Contacted,,,,,,India,India,,Search: Adda247,P2
ALLEN Career Institute,allen.in,E-Learning & EdTech,"Indian coaching institute for JEE and NEET entrance exams; offline centres plus online courses, high-value fees often paid in instalments.",,,Not Contacted,,,,,Juspay,India,,,https://www.linkedin.com/company/allen-career-institute,P2
Amity University,amity.edu,E-Learning & EdTech,Indian private university group with campuses in India and overseas; tuition payments including from international students.,,,Not Contacted,,,,,Juspay,India,,,https://www.linkedin.com/company/amityuniversity-india,P2
Be10x,be10x.in,E-Learning & EdTech,"Indian upskilling company selling short AI and Excel workshops to working professionals; low-ticket, high-volume domestic course sales.",,,Not Contacted,,,,,Juspay,India,,,https://www.linkedin.com/company/be10x-in,P1
Classplus,classplus.co,E-Learning & EdTech,Indian SaaS letting tutors and coaching centres run branded apps and sell courses; also processes their student fee payments.,,,Not Contacted,,,,,,India,India,,Search: Classplus,P1
CoLearn,colearn.id,E-Learning & EdTech,Indonesian maths and science tutoring app for school students; subscription and course packages paid via local payment methods.,,,Not Contacted,,,,,,Indonesia,Indonesia,~$20M est.,Search: CoLearn,P1
EdTech Zenius Group,zenius.net,E-Learning & EdTech,Indonesian online learning platform covering school curriculum and exam prep; subscription packages sold to students domestically.,,,Not Contacted,,,,,,Indonesia,Indonesia,,Search: EdTech Zenius Group,P1
ELSA Speak,elsaspeak.com,E-Learning & EdTech,AI English pronunciation coaching app for non-native speakers; app-store and web subscriptions sold across Asia and Latin America.,,,Not Contacted,,,,,,Vietnam,VN + Global,~$40M est.,Search: ELSA Speak,P1
Great Learning,mygreatlearning.com,E-Learning & EdTech,"Indian online upskilling company selling data, tech and management programmes with university partners; high-ticket fees often paid in instalments.",,,Not Contacted,,,,,,India,\,,Search: Great Learning,P1
iTutorGroup,itutorgroup.com,E-Learning & EdTech,Online English and academic tutoring for Chinese-speaking learners via live classes; cross-border network of tutors paid in several currencies.,,,Not Contacted,,,,,,Taiwan/China,TW/CN,~$200M est. (post-restructure),Search: iTutorGroup,P2
Marathon Education,marathon.edu.vn,E-Learning & EdTech,Vietnamese live online tutoring platform for secondary school students; course packages sold to parents using domestic Vietnamese payment methods.,,,Not Contacted,,,,,,Vietnam,Vietnam,,Search: Marathon Education,P2
Marrow,marrow.com,E-Learning & EdTech,Indian exam-prep app for postgraduate medical entrance (NEET-PG); video courses and question banks sold as paid subscriptions.,,,Not Contacted,,,,,Juspay,India,,,https://www.linkedin.com/company/dailyrounds,P2
Pahamify,pahamify.com,E-Learning & EdTech,Indonesian exam-prep app for university entrance tests; video-based subscription packages paid mainly through local wallets and bank transfer.,,,Not Contacted,,,,,,Indonesia,Indonesia,~$10M est.,Search: Pahamify,P2
PhysicsWallah,pw.live,E-Learning & EdTech,"Indian test-prep company for engineering and medical entrance exams; low-priced online courses plus offline centres, very high enrolment volume.",,,Not Contacted,,,,,Juspay,India,India,,https://www.linkedin.com/company/physicswallah,P1
Ruangguru,ruangguru.com,E-Learning & EdTech,Indonesia's largest online tutoring and exam-prep platform; subscription learning packages paid heavily via local wallets and bank transfer.,,,Not Contacted,,,,,,Indonesia,Indonesia,~$150M est.,Search: Ruangguru,P1
Simplilearn,simplilearn.com,E-Learning & EdTech,"Sells online certification bootcamps in tech, data and cloud to working professionals worldwide; course fees billed in multiple currencies.",,,Not Contacted,,,,,,India,IN + Global,~$100M (FY24),Search: Simplilearn,P2
Snapask,snapask.com,E-Learning & EdTech,Hong Kong on-demand tutoring app where students photograph homework questions for tutor answers; credit packs and subscriptions across Asian markets.,,,Not Contacted,,,,,,Hong Kong,HK/TW/SEA,~$30M est.,Search: Snapask,P1
TagMango,tagmango.com,E-Learning & EdTech,"Indian platform letting creators sell online courses, communities and paid memberships; recurring subscription billing plus payouts to creators.",,,Not Contacted,,,,,Juspay,India,,,Search: TagMango,P1
Testbook,testbook.com,E-Learning & EdTech,"Indian test-prep app for government job exams; mock tests and live courses sold as low-priced, high-volume subscriptions.",,,Not Contacted,,,,,,India,India,,Search: Testbook,P2
Unacademy,unacademy.com,E-Learning & EdTech,Indian online education company focused on competitive exam preparation; live class subscriptions plus offline coaching centres.,,,Not Contacted,,,,,Juspay,India,,,Search: Unacademy,P1
upGrad,upgrad.com,E-Learning & EdTech,"Indian online higher-education company selling university degrees and career programmes; high-ticket fees, instalment plans and overseas learners.",,,Not Contacted,,,,,,India,IN + Global,~$200M (FY24),Search: upGrad,P2
Vedantu,vedantu.com,E-Learning & EdTech,Indian live online tutoring for K-12 and entrance exams; course packages sold to parents through domestic payment methods.,,,Not Contacted,,,,,Juspay,India,India,,Search: Vedantu,P1
Wukong Education,wukongsch.com,E-Learning & EdTech,"Online Chinese, maths and English classes for overseas Chinese children; small-group tutoring billed cross-border across many countries.",,,Not Contacted,,,,,,,,~$100M est.,Search: Wukong Education,P1
Scaler,scaler.com,E-Learning & EdTech,Indian upskilling academy teaching software engineering and data science to working professionals; high-ticket fees with EMI and financing-heavy checkout.,,,Not Contacted,,,,,,India,India + Global,,https://www.linkedin.com/school/scalerofficial,P1
PlanetSpark,planetspark.in,E-Learning & EdTech,Indian edtech running live online communication and public-speaking classes for children; sells into 13+ countries with recurring class-package billing.,,,Not Contacted,,,,,,India,India + Global,,https://www.linkedin.com/company/planet-spark,P2
Airalo,airalo.com,Esims & Connectivity,"Travel eSIM marketplace selling prepaid data plans for 200-plus countries through its app; high-volume, low-value cross-border card payments.",,,Not Contacted,,,,,,Singapore,Singapore,,Search: Airalo,P1
Alosim,alosim.com,Esims & Connectivity,Travel eSIM app (aloSIM) selling prepaid mobile data in 200-plus destinations to travellers and business customers; small cross-border transactions.,,,Not Contacted,,,,Stripe; cards,,,,,Search: Alosim,P1
Flexiroam,flexiroam.com,Esims & Connectivity,Australian-listed travel eSIM and roaming data provider selling to travellers plus airline and enterprise partners; multi-country data plans.,,,Not Contacted,,,,,,Australia,MY/AU,~$15M est.,Search: Flexiroam,P1
GlocalMe (Uroaming),glocalme.com,Esims & Connectivity,Chinese company selling portable WiFi hotspots and eSIM data to international travellers; hardware plus cross-border prepaid data plans.,,,Not Contacted,,,,,,China,China,,Search: GlocalMe (Uroaming),P3
RedteaGO,redteago.com,Esims & Connectivity,Consumer travel eSIM brand from eSIM technology firm Redtea Mobile; prepaid data plans sold app-first across many countries.,,,Not Contacted,,,,,,Hong Kong,HK + Global,~$30M est.,Search: RedteaGO,P1
Simify,simify.com,Esims & Connectivity,"Australian online retailer of travel SIM and eSIM data plans for outbound travellers; prepaid, low-value ecommerce orders.",,,Not Contacted,,,,,,Australia,Australia,~$10M est.,Search: Simify,P3
Simoptions,simoptions.com,Esims & Connectivity,Online store selling prepaid travel eSIMs for 200-plus destinations via web and app; small-value cross-border card payments.,,,Not Contacted,,,,,,,,,Search: Simoptions,P1
WAUG (formerly Trabee),waug.com,Esims & Connectivity,"Korean app for booking overseas tours, activities and attraction tickets; cross-border bookings paid in won, settled to foreign suppliers.",,,Not Contacted,,,,,,South Korea,South Korea,,Search: WAUG (formerly Trabee),P2
BookMyShow,bookmyshow.com,Event & Travel Ticketing,"India's dominant movie and live event ticketing platform; extremely high transaction volume with UPI, cards and wallets.",,,Not Contacted,,,,,Juspay,India,,,https://www.linkedin.com/company/bookmyshow,P2
eplus (Japan),eplus.jp,Event & Travel Ticketing,"Japanese live entertainment ticketing platform for concerts, theatre and sport; high-volume domestic sales including convenience-store payment.",,,Not Contacted,,,,,Juspay,Japan,Japan,,Search: eplus (Japan),P1
Eventfinda,eventfinda.co.nz,Event & Travel Ticketing,New Zealand events listing site and ticketing platform for organisers; online ticket sales with payouts to event promoters.,,,Not Contacted,,,,,,New Zealand,,~$10M est.,Search: Eventfinda,P2
Fever,feverup.com,Event & Travel Ticketing,Madrid-based discovery and ticketing platform for live entertainment and experiences in cities worldwide; multi-currency consumer ticket sales.,,,Not Contacted,,,,,,,,,Search: Fever,P1
Interpark Ticket,ticket.interpark.com,Event & Travel Ticketing,"South Korea's biggest ticketing site for concerts, musicals and sport, part of Interpark Triple; very high domestic volume.",,,Not Contacted,,,,,,South Korea,South Korea,Interpark ~$500M,Search: Interpark Ticket,P1
iTicket,iticket.co.nz,Event & Travel Ticketing,"New Zealand ticketing provider for concerts, festivals and venues; sells tickets online and settles proceeds to promoters.",,,Not Contacted,,,,,,New Zealand,,~$10M est.,Search: iTicket,P1
KKday,kkday.com,Event & Travel Ticketing,"Taiwanese online marketplace for tours, activities and travel tickets across Asia; cross-border bookings with payouts to local suppliers.",,,Not Contacted,,,,,,Taiwan,Taiwan,,Search: KKday,P1
Moshtix,moshtix.com.au,Event & Travel Ticketing,"Australian ticketing platform for live music, festivals and clubs, owned by Ticketmaster/Live Nation since Feb 2019 (REFUTED 2026-09-19: not TEG - see 2-ready-to-outreach/moshtix.md); ticket sales remitted to promoters.",,,Not Contacted,,,,,,Australia,,REFUTED 2026-09-19 - not TEG; Ticketmaster/Live Nation subsidiary; no revenue figure established,Search: Moshtix,P1
Oztix,oztix.com.au,Event & Travel Ticketing,"Independent Australian ticketing company serving music venues, festivals and promoters; online ticket sales with payouts to event organisers.",,,Not Contacted,,,,,,Australia,,REFUTED 2026-09-19 - no source found for this figure; see 2-ready-to-outreach/oztix.md,Search: Oztix,P1
Peatix,peatix.com,Event & Travel Ticketing,Japanese event ticketing and registration platform used by organisers across Asia; ticket payments collected and paid out to hosts.,,,Not Contacted,,,,,,Japan,JP + APAC/US,REFUTED 2026-09-19 - off by ~10x; JP entity posted a 27.4M yen FY2025 loss; see 2-ready-to-outreach/peatix.md,Search: Peatix,P1
Pia,t.pia.jp,Event & Travel Ticketing,"Japan's largest entertainment ticketing agency for concerts, theatre and sport; huge domestic volume including convenience-store cash payment.",,,Not Contacted,,,,,,Japan,,,Search: Pia,P2
Sistic,sistic.com.sg,Event & Travel Ticketing,"Singapore's main ticketing platform for concerts, theatre and sport; sells online and at counters, settling revenue to promoters.",,,Not Contacted,,,,,,Singapore,Singapore,~$50M est.,Search: Sistic,P1
TEG,teg.com.au,Event & Travel Ticketing,Australian live entertainment group promoting concerts and events and owning Ticketek; ticketing operations across Asia-Pacific in several currencies.,,,Not Contacted,,,,,,Australia,AU/NZ + Asia,~$1B est. (private),Search: TEG,P2
Ticketbooth,ticketbooth.com.au,Event & Travel Ticketing,Australian self-serve ticketing platform for independent event organisers; collects ticket payments online and pays out to promoters.,,,Not Contacted,,,,,,Australia,,~$5M est.,Search: Ticketbooth,P1
Ticketbox (Vietnam),ticketbox.vn,Event & Travel Ticketing,"Vietnamese online ticketing platform for concerts, festivals and events; domestic payments via cards, e-wallets and bank transfer.",,,Not Contacted,,,,,,Vietnam,Vietnam,,Search: Ticketbox (Vietnam),P3
Ticketebo,ticketebo.com.au,Event & Travel Ticketing,Australian online event ticketing and registration platform for small and mid-sized organisers; ticket fees collected then remitted to hosts.,,,Not Contacted,,,,,,Australia,,~$5M est.,Search: Ticketebo,P1
Ticketek,ticketek.com.au,Event & Travel Ticketing,"Australia and New Zealand's largest ticketing company, part of TEG; high-volume concert and sport onsales across both markets.",,,Not Contacted,,,,,,Australia,AU/NZ (TEG),Part of TEG ~$1B,Search: Ticketek,P1
TicketGenie,ticketgenie.in,Event & Travel Ticketing,"Indian online ticketing platform for sports and live events, including cricket matches; domestic ticket sales for rights holders.",,,Not Contacted,,,,,Juspay,India,,,Search: TicketGenie,P1
Ticketmaster Asia (Live Nation),ticketmaster.sg,Event & Travel Ticketing,"Live Nation's ticketing operation in Asia, selling concert and event tickets in Singapore and neighbouring markets; multi-currency sales.",,,Not Contacted,,,,,,,,,Search: Ticketmaster Asia (Live Nation),P1
TicketNet Thailand,thaiticketmajor.com,Event & Travel Ticketing,"ThaiTicketMajor, Thailand's main event ticketing company for concerts, theatre and sport; domestic sales including counter and cash payment.",,,Not Contacted,,,,,,Thailand,Thailand,~$50M est. (ThaiTicketMajor),Search: TicketNet Thailand,P1
TIXCRAFT,tixcraft.com,Event & Travel Ticketing,Taiwanese ticketing platform for concerts and live events; high-demand onsales using cards and convenience-store payment options.,,,Not Contacted,,,,,,Taiwan,Taiwan,~$30M est.,Search: TIXCRAFT,P1
TryBooking,trybooking.com,Event & Travel Ticketing,"Australian low-cost ticketing and event registration platform used by schools, clubs and community organisers; ticket money settled to organisers.",,,Not Contacted,,,,,,Australia,,~$20M est.,Search: TryBooking,P2
Yes24 Ticket,ticket.yes24.com,Event & Travel Ticketing,"Ticketing arm of Korean online retailer Yes24, selling concert, musical and sports tickets to domestic customers.",,,Not Contacted,,,,,,South Korea,South Korea,Part of Yes24 ~$500M,Search: Yes24 Ticket,P2
Zaiko,zaiko.io,Event & Travel Ticketing,"Japanese ticketing and live-streaming platform for music events; sells venue and online tickets, paying out artists and organisers.",,,Not Contacted,,,,,,Japan/Singapore,Japan/Singapore,~$20M est.,Search: Zaiko,P2
Bodywise (Mosaic Wellness),bodywise.in,Fitness & Wellness,"Indian D2C brand selling women's hair, nutrition and intimate health products online, with doctor consults and repeat refill orders.",,,Not Contacted,,,,,Juspay,India,,,https://www.linkedin.com/company/mosaicwellness,P2
Cult.fit,cult.fit,Fitness & Wellness,"Indian fitness chain and app selling gym memberships, classes and wellness products; large-scale recurring membership billing.",,,Not Contacted,,,,,Juspay,India,,,Search: Cult.fit,P2
Eaze,eazeapp.com,Fitness & Wellness,Indian mobile app for emotional wellbeing offering anonymous conversations with trained listeners; paid sessions and subscription plans.,,,Not Contacted,,,,,Juspay,India,,,https://www.linkedin.com/company/eazeapp,P2
FitFeast,fitfeast.in,Fitness & Wellness,"Indian D2C brand selling healthier snacks, spreads and protein foods online; ecommerce orders including cash on delivery.",,,Not Contacted,,,,,Juspay,India,,,https://www.linkedin.com/company/fitfeast,P2
Fitness First Singapore,fitnessfirst.com.sg,Fitness & Wellness,Gym chain running clubs in Singapore; sells recurring monthly memberships and personal training packages to consumers.,,,Not Contacted,,,,,,Singapore,,,Search: Fitness First Singapore,P2
FITPASS,fitpass.co.in,Fitness & Wellness,Indian subscription pass giving members access to a network of gyms and fitness studios; recurring monthly billing.,,,Not Contacted,,,,,Juspay,India,,,https://www.linkedin.com/company/fitpassindia,P2
HealthifyMe,healthifyme.com,Fitness & Wellness,Indian health and fitness app for calorie tracking and remote coaching; subscription plans sold in India and overseas markets.,,,Not Contacted,,,,,Juspay,India,,,https://www.linkedin.com/company/healthifyme,P2
Hudle,hudle.in,Fitness & Wellness,Indian app for booking sports venues and joining pick-up games; frequent small-value bookings with payouts to venues.,,,Not Contacted,,,,,Juspay,India,,,https://www.linkedin.com/company/hudle,P2
Kapiva,kapiva.in,Fitness & Wellness,Indian D2C brand selling Ayurvedic nutrition and wellness products online; repeat purchases and subscription refills.,,,Not Contacted,,,,,Juspay,India,,,https://www.linkedin.com/company/kapivaayurveda,P2
Little Joys,littlejoys.in,Fitness & Wellness,"Indian D2C brand selling children's nutrition products such as gummies, milk powders and snacks; repeat and subscription orders.",,,Not Contacted,,,,,Juspay,India,,,Search: Little Joys,P2
Man Matters (Mosaic Wellness),manmatters.com,Fitness & Wellness,"Indian D2C brand for men's hair, skin and sexual health; online doctor consults plus recurring monthly product refills.",,,Not Contacted,,,,,Juspay,India,,,https://www.linkedin.com/company/mosaicwellness,P2
Nua,nuawoman.com,Fitness & Wellness,Indian D2C women's brand selling sanitary pads and intimate care products; subscription-based monthly deliveries.,,,Not Contacted,,,,,Juspay,India,,,https://www.linkedin.com/company/nuawoman,P2
Playo,playo.co,Fitness & Wellness,Indian app for booking sports venues and organising recreational games; high-frequency small bookings with payouts to venue partners.,,,Not Contacted,,,,,Juspay,India,,,Search: Playo,P2
Traya,traya.health,Fitness & Wellness,Indian online hair-loss treatment brand pairing doctor consultation with monthly medicine kits; strongly recurring subscription revenue.,,,Not Contacted,,,,,Juspay,India,,,Search: Traya,P1
Turf Town,turftown.in,Fitness & Wellness,"Indian app for booking football turfs and sports venues, strongest in southern cities; per-slot payments with venue payouts.",,,Not Contacted,,,,,Juspay,India,,,Search: Turf Town,P3
"Ajinomoto Co., Inc.",ajinomoto.com,Food & Beverage,"Japanese food and amino-acid maker selling seasonings, frozen foods and bioscience ingredients worldwide; large multi-country retail and B2B operations.",,,Not Contacted,,,,,,Japan,,~$10B (FY24),"Search: Ajinomoto Co., Inc.",P2
Amul,amul.com,Food & Beverage,"Indian dairy cooperative brand (GCMMF) selling milk, butter, ice cream and packaged foods through a vast domestic distributor network.",,,Not Contacted,,,,,,India,India,~$7B (GCMMF FY24),Search: Amul,P2
Burger King India,burgerking.in,Food & Beverage,"Master franchisee operating Burger King restaurants in India and Indonesia; high-volume in-store, kiosk and delivery-app transactions.",,,Not Contacted,,,,,Juspay,India,,,https://www.linkedin.com/company/burgerkingindia,P2
ChaPanda茶百道,chabaidao.com,Food & Beverage,Chinese bubble tea chain with thousands of franchised stores; high-frequency small-ticket sales through mobile payments and mini-programs.,,,Not Contacted,,,,,,China,,,Search: ChaPanda茶百道,P3
Chowman,chowman.com,Food & Beverage,"Kolkata-based Chinese-cuisine restaurant chain in India; dine-in and delivery outlets concentrated in eastern Indian cities, domestic only.",,,Not Contacted,,,,,Juspay,India,,,https://www.linkedin.com/company/chowman-hospitality-private-limited,P1
CJ CheilJedang,cj.co.kr,Food & Beverage,"Korean food and bio conglomerate behind Bibigo frozen foods, seasonings and feed ingredients; manufactures and sells across Korea, Asia and North America.",,,Not Contacted,,,,,,South Korea,KR + Global,~$22B (FY24),Search: CJ CheilJedang,P3
CloudKitch,cloudkitch.co.in,Food & Beverage,"Indian cloud-kitchen and corporate food-ordering platform supplying office cafeterias and workplace meal delivery; app-based ordering, mainly Mumbai and domestic.",,,Not Contacted,,,,,Juspay,India,,,https://www.linkedin.com/company/cloudkitch-private-limited,P3
Domino's Pizza Malaysia,dominos.com.my,Food & Beverage,Master franchisee running Domino's pizza stores in Malaysia; high-volume delivery and online ordering leaning on local cards and e-wallets.,,,Not Contacted,,,,,,Malaysia,,,Search: Domino's Pizza Malaysia,P1
EazyDiner,eazydiner.com,Food & Beverage,"Indian restaurant discovery and table-booking app selling dining deals, prepaid vouchers and a paid membership; also operates in the UAE.",,,Not Contacted,,,,,Juspay,India,,,https://www.linkedin.com/company/eazydiner,P2
Haidilao International,haidilao.com,Food & Beverage,"Chinese hotpot restaurant chain; its international arm operates outlets across Southeast Asia, North America and Europe, settling in many local currencies.",,,Not Contacted,,,,,,China,CN + intl (Super Hi),~$780M intl seg,Search: Haidilao International,P2
Hardcastle Restaurants Private Limited,mcdelivery.co.in,Food & Beverage,"McDonald's master franchisee for west and south India, operating restaurants and the McDelivery app; very high-volume domestic card and UPI payments.",,,Not Contacted,,,,,Juspay,India,,,https://www.linkedin.com/company/hardcastle-restaurants-pvt-ltd,P3
HungerBox,hungerbox.com,Food & Beverage,Indian B2B workplace food-tech firm digitising corporate cafeterias for large employers; app ordering with cashless payments and meal-wallet balances.,,,Not Contacted,,,,,Juspay,India,,,https://www.linkedin.com/company/hungerbox,P2
ITC Limited,itcportal.com,Food & Beverage,"Indian conglomerate spanning cigarettes, packaged foods such as Aashirvaad and Sunfeast, personal care, paper and hotels; largely domestic sales.",,,Not Contacted,,,,,,India,India,~$9B (FY25),Search: ITC Limited,P2
Jollibee Foods Corp.,jollibee.com.ph,Food & Beverage,"Philippine fast-food group behind Jollibee, Chowking, Coffee Bean and Tim Ho Wan; thousands of stores across Asia and North America.",,,Not Contacted,,,,,,,PH + Global,~$4.5B (FY24),Search: Jollibee Foods Corp.,P1
K1 Bistros,k1bistros.com,Food & Beverage,Indian restaurant and cloud-kitchen operator running a small multi-brand food service business; little public information available on scale.,,,Not Contacted,,,,,Juspay,India,,,Search: K1 Bistros,P3
Luckin Coffee,luckincoffee.com,Food & Beverage,"Chinese coffee chain with over 20,000 mostly small-format stores; app-only ordering and prepaid wallets drive enormous daily transaction volume.",,,Not Contacted,,,,,,China,CN + SG/US,~$4.7B (FY24),Search: Luckin Coffee,P1
Marrybrown SDN BHD,marrybrown.com,Food & Beverage,"Malaysian halal fast-food fried chicken chain; franchised outlets across Malaysia, the Middle East, Africa and other Asian markets.",,,Not Contacted,,,,,,Malaysia,,,Search: Marrybrown SDN BHD,P1
Minor Food Group Singapore,minorfood.com,Food & Beverage,"Singapore arm of Thai hospitality group Minor, operating casual dining restaurant brands locally; store-level dining and delivery transactions.",,,Not Contacted,,,,,,Singapore,,,Search: Minor Food Group Singapore,P3
Neo Group Ltd,neogroup.com.sg,Food & Beverage,"Singapore catering and food services group covering event catering, food retail and manufacturing; mainly domestic corporate and consumer customers.",,,Not Contacted,,,,,,Singapore,,,Search: Neo Group Ltd,P3
Pizza Hut Malaysia,pizzahut.com.my,Food & Beverage,"Pizza Hut franchise operator in Malaysia, part of QSR Brands; dine-in and delivery with online ordering and local e-wallet payments.",,,Not Contacted,,,,,Juspay,Malaysia,,,Search: Pizza Hut Malaysia,P2
Platos,platos.in,Food & Beverage,"Chennai-based workplace cafeteria and food court management platform for Indian corporates; digital ordering with cashless payments, now majority-owned by Elior.",,,Not Contacted,,,,,Juspay,India,,,https://www.linkedin.com/company/platospvtltd,P2
QSR Brands,qsrbrands.com.my,Food & Beverage,"Malaysian operator of KFC and Pizza Hut across Malaysia, Singapore, Brunei and Cambodia; high-volume restaurant transactions in several currencies.",,,Not Contacted,,,,,,Malaysia,,,Search: QSR Brands,P1
Rebel Foods,rebelfoods.com,Food & Beverage,"Indian cloud-kitchen operator running Faasos, Behrouz Biryani and Oven Story; multi-brand delivery across India and Middle East franchise markets.",,,Not Contacted,,,,,Juspay,India,,,Search: Rebel Foods,P2
SmartQ (Bottle Lab),thesmartq.com,Food & Beverage,Indian corporate cafeteria technology provider; app and kiosk ordering with cashless payments and meal wallets for offices and campuses.,,,Not Contacted,,,,,Juspay,India,,,Search: SmartQ (Bottle Lab),P2
Starbucks Coffee Singapore,starbucks.com.sg,Food & Beverage,Starbucks licensee in Singapore operated by Hong Kong's Maxim's Group; coffee stores with app ordering and stored-value card balances.,,,Not Contacted,,,,,,Singapore,Singapore (Maxim's franchise),Part of Maxim's,Search: Starbucks Coffee Singapore,P1
Starbucks Malaysia,starbucks.com.my,Food & Beverage,"Starbucks licensee in Malaysia run by Berjaya Food; coffee stores using app ordering, stored-value cards and local e-wallets.",,,Not Contacted,,,,,,Malaysia,,~$200M est.,Search: Starbucks Malaysia,P1
Swish,justswish.in,Food & Beverage,"Bangalore-based 10-minute food delivery app running its own kitchens and dark stores; high order volume, small baskets, domestic only.",,,Not Contacted,,,,,Juspay,India,,,Search: Swish,P2
Tata Starbucks,starbucks.in,Food & Beverage,Tata and Starbucks joint venture operating Starbucks stores across India; app ordering with domestic card and UPI payments.,,,Not Contacted,,,,,Juspay,India,,,Search: Tata Starbucks,P2
TeaLive (Loob Holdings),tealive.com.my,Food & Beverage,"Malaysian bubble tea chain with hundreds of mostly franchised outlets, expanding across Southeast Asia; very high small-ticket volume and e-wallet use.",,,Not Contacted,,,,,,Malaysia,MY + SEA,~$150M est.,Search: TeaLive (Loob Holdings),P1
TWG Tea,twgtea.com,Food & Beverage,"Singapore luxury tea brand selling through boutiques and tea salons in Asia, Europe and the Middle East, plus cross-border e-commerce.",,,Not Contacted,,,,,,Singapore,,,Search: TWG Tea,P3
Yagy Tech Private Limited,deskdyne.com,Food & Beverage,"Indian workplace food-tech company behind DeskDyne, corporate cafeteria management software; digital ordering and cashless payments for enterprise canteens.",,,Not Contacted,,,,,Juspay,India,,,Search: Yagy Tech Private Limited,P3
Yum China Holdings,yumchina.com,Food & Beverage,"Operator of KFC, Pizza Hut and Taco Bell across China with over 15,000 stores; app and mini-program ordering drives enormous transaction volume.",,,Not Contacted,,,,,,China,China,~$11.3B (FY24),Search: Yum China Holdings,P1
Zoop India,zoopindia.com,Food & Beverage,"Indian food delivery service for train passengers via IRCTC e-catering; app-ordered meals delivered to seats, domestic and cash-on-delivery heavy.",,,Not Contacted,,,,,Juspay,India,,,Search: Zoop India,P2
ZUS Coffee,zuscoffee.com,Food & Beverage,Malaysian app-first coffee chain with hundreds of outlets expanding across Southeast Asia; high-frequency small-ticket payments through its app and e-wallets.,,,Not Contacted,,,,,,Malaysia,MY + SEA expansion,~$150M est.,Search: ZUS Coffee,P1
37 Interactive Entertainment (37Games),37games.com,Gaming,Chinese mobile and web game publisher behind Puzzles & Survival; monetises in China and overseas through app stores and web shops.,,,Not Contacted,,,,,,China,CN + Global,~$2.3B (FY24),Search: 37 Interactive Entertainment (37Games),
4399 Games,4399.com,Gaming,Chinese casual game portal and mobile publisher; browser and mobile titles for domestic players plus some overseas app-store distribution.,,,Not Contacted,,,,,,China,CN + Global,~$500M est.,Search: 4399 Games,
7Road 第七大道,7road.com,Gaming,Chinese online game developer known for DDTank; builds web and mobile titles and licenses them to publishers across Asia.,,,Not Contacted,,,,,,China,,,Search: 7Road 第七大道,
Akatsuki,aktsk.jp,Gaming,Japanese mobile game developer and publisher behind Dragon Ball Z Dokkan Battle; app-store billing plus a live entertainment business.,,,Not Contacted,,,,,,,Japan,~$250M (FY24),Search: Akatsuki,
Amanotes,amanotes.com,Gaming,Vietnamese mobile music-game publisher behind Magic Tiles 3; billions of downloads worldwide monetised through ads and in-app purchases.,,,Not Contacted,,,,,,,VN + Global,~$100M est.,Search: Amanotes,
Aniplex,aniplex.co.jp,Gaming,"Sony's Japanese anime production and music label; also publishes mobile games including Fate/Grand Order, billed through app stores globally.",,,Not Contacted,,,,,,Japan,Japan,,Search: Aniplex,
Appota Game,appota.com,Gaming,"Vietnamese mobile game publisher and digital services group; distributes games in Vietnam alongside payment, ad network and app-store services.",,,Not Contacted,,,,,,Vietnam,,,Search: Appota Game,
Aristocrat,aristocrat.com,Gaming,"Australian slot machine maker selling gaming machines to casinos, plus social-casino mobile apps through Product Madness; global app-store billing.",,,Not Contacted,,,,,,Australia,,,Search: Aristocrat,
Asiasoft (PlayPark),playpark.com,Gaming,"Renamed Asphere Innovations PCL (SET: AS) in 2023; PlayPark is the consumer brand. PC is 'core revenue' per AR2024 - NOT app-store-led. Runs PlayMall, a self-built 7-currency wallet routing ~100 top-up channels. Malaysia subsidiary disposed Q3 2023. Researched 2026-09-20, ICP 17/29.",,,Not Contacted,,,,"Fiuu (SG, named on live PlayMall FAQ); PayPal (direct). Thailand acquirer NOT established.",In-house - PlayMall centralised 7-currency wallet,Thailand,"Thailand, Singapore, Vietnam (Malaysia disposed Q3 2023; PH/ID channels live but book via SG)","THB 1,220.2M FY2025 (~$35M); FY2024 THB 1,120.3M - '~$100M (FY24)' REFUTED 3x, audited AR2024",Search: Asiasoft (PlayPark),
Bandai Namco Entertainment,bandainamcoent.com,Gaming,"Japanese game publisher and toy group; console, arcade and mobile titles including Elden Ring and Gundam franchises sold worldwide.",,,Not Contacted,,,,,,Japan,,~$7B group (FY24),Search: Bandai Namco Entertainment,
Bekko games,bekko.com,Gaming,Chinese mobile game developer and publisher; small studio with little public information about its titles or scale.,,,Not Contacted,,,,,,China,,,Search: Bekko games,
Betta Game,bettagames.com,Gaming,Beijing-based Chinese mobile game developer and publisher; casual and mid-core titles distributed through app stores in China and overseas.,,,Not Contacted,,,,,,China,,,Search: Betta Game,
Bilibili Games,biligames.com,Gaming,"Games arm of Chinese video platform Bilibili; publishes and operates mobile titles, mostly for players in mainland China.",,,Not Contacted,,,,,,China,,Games seg of Bilibili (~$3.2B group),Search: Bilibili Games,
Boyaa,boyaa.com,Gaming,Hong Kong-listed Chinese developer of online card and board games such as Texas Hold'em and mahjong for Asian markets.,,,Not Contacted,,,,,,China,HK/CN + SEA,~$100M (FY24),Search: Boyaa,
Camel Games,camelgames.com,Gaming,Chinese mobile game developer and publisher of strategy and simulation titles; monetises internationally through app-store in-app purchases.,,,Not Contacted,,,,,,China,,~$500M est. (private),Search: Camel Games,
Capcom,capcom.com,Gaming,"Japanese game publisher behind Resident Evil, Monster Hunter and Street Fighter; console, PC and mobile sales in many countries.",,,Not Contacted,,,,,,Japan,,~$1.1B (FY24),Search: Capcom,
Century Games,centurygames.com,Gaming,Chinese mobile game developer and publisher behind Whiteout Survival and Family Farm; large overseas revenue via app stores and direct web shops.,,,Not Contacted,,,,,,China,,~$1B+ est. (private),Search: Century Games,
CMGE,cmge.com,Gaming,Chinese mobile game publisher specialising in licensed-IP titles; operates games in mainland China and licenses them into overseas markets.,,,Not Contacted,,,,,,,CN + Global,~$600M (FY24),Search: CMGE,
Colopl,colopl.co.jp,Gaming,"Japanese mobile game developer and publisher behind White Cat Project; app-store billing, players concentrated in Japan.",,,Not Contacted,,,,,,,Japan-centric,~$300M (FY24),Search: Colopl,
Com2uS,com2us.com,Gaming,"KOSDAQ 078340. Summoners War. DISPLACEMENT - PortOne holds the orchestration seat inside the Hive billing platform, with Xsolla as global MoR and MyCard direct in APAC. Web shop opened ~2026-06-04, 15 storefront languages, gated to accounts with 2026+ IAP history. Their own notice warns products may not be credited if the app is force-closed during external-browser checkout. Researched 2026-09-20, ICP 21/29.",,,Not Contacted,,,,"PortOne (orchestrator), Xsolla (global MoR), MyCard (direct, APAC), Terminal3, NHN KCP, Toss Payments, Naver Pay",PortOne - REGIONAL ORCHESTRATOR INCUMBENT. Never open with 'you have no orchestration'.,South Korea,"Korea + 15 storefront languages (en, zh-hant, zh-hans, vi, tr, th, ru, pt, ko, ja, it, id, fr, es, de); subsidiaries in Japan and Vietnam; China via Lebi wallet","$496-534M FY2024 (KRW 693,943M audited) - '~$500M (FY24)' CONFIRMED. FY2025 KRW 696,424M flat; Q2 2026 down ~15% YoY",Search: Com2uS,
CyberAgent (Games),cyberagent.co.jp,Gaming,"Games division of Japanese internet group CyberAgent, including Cygames; high-grossing mobile titles such as Uma Musume billed through app stores.",,,Not Contacted,,,,,,Japan,Japan,,Search: CyberAgent (Games),
CyberConnect2,cc2.co.jp,Gaming,"Japanese game development studio building console action titles such as the Naruto Ultimate Ninja series, mainly under contract for publishers.",,,Not Contacted,,,,,,Japan,,,Search: CyberConnect2,
Cygames,cygames.co.jp,Gaming,"64.5% owned by CyberAgent (TSE 4751). IN-HOUSE: WebStore routes Japan to GMO Payment Gateway and ~190 other countries to Xsolla via a single hard-coded country_code==='JP' boolean. Merchant of record in its own name; registered prepaid-instrument issuer under the Japanese funds settlement act. CyberAgent credits the external-payment migration with a 96.5% game-segment operating profit jump. Granblue Fantasy Japan is billed by DeNA Mobage and is NOT addressable. Researched 2026-09-20, ICP 19/29.",,,Not Contacted,,,,"GMO Payment Gateway (Japan, cards vaulted there); Xsolla (~190 countries). No others detected.","In-house - two PSPs joined by one country_code boolean, no failover or routing",Japan,"Japan + ~190 countries purchase-enabled (Shadowverse WB, GBF Relink); Umamusume EN excludes JP/TW/HK/MO/KR/CN/BE/NL; GBF excludes CN/BE/NL/VN and JP for purchase","JPY 137,528M FY ended 2025-09-30 (~$917M) - audited entity-level figure in CyberAgent's filing; '~$1B est.' CONFIRMED",Search: Cygames,
DeNA,dena.com,Gaming,"Japanese internet company running mobile games, Nintendo and Pokémon partnerships, live-streaming and sports businesses; mostly Japanese users.",,,Not Contacted,,,,,,Japan,,~$900M (FY24),Search: DeNA,
Devsisters (Cookie Run),devsisters.com,Gaming,"REJECTED 2026-09-20 - app-store trap. Their own help centre: 'we neither process in-app purchases, nor have access to your credit card information. All purchases are processed by Apple and Google Play.' Audited FY2025 DART puts the game segment at 94.25% of revenue supplied direct to the stores. Only self-billed channel is ~US$8.2M/yr of merchandise and IP at an estimated 5-16k orders/month, about a tenth of the floor. Revisit if IP revenue holds its growth.",,,Not Contacted,,,,"KG Inicis, Eximbay, PayPal (merchandise only, via Shopify + Cafe24 + Naver Smart Store). Apple/Google/ONE store bill the games.",None on the merchandise channel - greenfield but sub-scale. Games have no orchestratable layer at all.,South Korea,"Korea, North America, plus subsidiaries in Japan, Taiwan, USA, Germany. Storefronts ko/en/ja/zh-TW only - no Thai storefront despite being #3 grossing there.","KRW 236.19bn FY2024 (~$161-173M), KRW 295.58bn FY2025 (~$206M) - '~$150M (FY24)' understated. Q2 2026 revenue -42.7% YoY.",Search: Devsisters (Cookie Run),
Dianchu Games,dianchu.com,Gaming,Xiamen-based Chinese mobile game developer and publisher of strategy and historical-themed titles for Chinese and some overseas players.,,,Not Contacted,,,,,,China,,,Search: Dianchu Games,
DoubleDown Interactive,doubledowninteractive.com,Gaming,"Korean-owned social casino publisher behind DoubleDown Casino; free-to-play casino apps monetised through app-store purchases, mostly US players.",,,Not Contacted,,,,,,South Korea,,~$310M (FY24),Search: DoubleDown Interactive,
Efun,efun.com,Gaming,"Chinese game publisher licensing and operating mobile and web titles in Taiwan, Hong Kong and Southeast Asia; heavy local payment method use.",,,Not Contacted,,,,,,China,TW/SEA,~$100M est.,Search: Efun,
Elex,elex-tech.com,Gaming,Chinese game developer and publisher behind Clash of Kings; mobile strategy titles monetised worldwide through app stores.,,,Not Contacted,,,,,,China,,~$300M est.,Search: Elex,
Firstfun,firstfun.com,Gaming,Singapore-based mobile game developer and publisher of casual and mid-core titles aimed at international app-store markets.,,,Not Contacted,,,,,,Singapore,,,Search: Firstfun,
Forever9,forevernine.com,Gaming,"Chinese mobile game developer and publisher of casual, card and poker titles distributed internationally through app stores.",,,Not Contacted,,,,,,China,,,Search: Forever9,
FromSoftware,fromsoftware.jp,Gaming,"Japanese game studio behind Dark Souls and Elden Ring, owned by Kadokawa; console and PC titles sold globally through platform storefronts.",,,Not Contacted,,,,,,,Japan (Kadokawa),~$300M seg,Search: FromSoftware,
FunPlus,funplus.com,Gaming,"Chinese-founded, Singapore-headquartered mobile game publisher behind State of Survival and King of Avalon; large overseas revenue via app stores and web shops.",,,Not Contacted,,,,,,China/Singapore,China/Singapore,~$2B est. (private),Search: FunPlus,
G-bits,g-bits.com,Gaming,Chinese game developer and publisher of mobile and PC titles; revenue mainly from mainland China plus licensing into other Asian markets.,,,Not Contacted,,,,,,China,,~$600M (FY24),Search: G-bits,
Gamania Digital Entertainment,gamania.com,Gaming,Taiwanese online game publisher and digital services group; operates games plus the Gash prepaid payments platform across Greater China.,,,Not Contacted,,,,,,Taiwan,,,Search: Gamania Digital Entertainment,
Game Wonder,wondermakers.games,Gaming,"Small game studio or publisher; little public information available about its titles, markets or scale.",,,Not Contacted,,,,,,,,,Search: Game Wonder,
Gamehus,gamehaus.com,Gaming,"Nasdaq-listed, China-rooted casual mobile game publisher operating as Gamehaus; publishes third-party titles globally, monetising via app stores and ads.",,,Not Contacted,,,,,,China,,,Search: Gamehus,
Gameloft,gameloft.com,Gaming,Vivendi-owned French mobile game developer and publisher with studios across Asia; licensed-IP and original titles sold through app stores worldwide.,,,Not Contacted,,,,,,,Global,Part of Vivendi,Search: Gameloft,
Games2Win,games2win.com,Gaming,Indian casual mobile game developer and publisher; free-to-play titles monetised globally through advertising and in-app purchases.,,,Not Contacted,,,,,,India,India + Global,~$30M est.,Search: Games2Win,
Gametion (Ludo King),gametion.com,Gaming,Indian mobile game studio behind Ludo King; enormous domestic install base monetised mainly through advertising and small in-app purchases.,,,Not Contacted,,,,,,India,India,~$50M est.,Search: Gametion (Ludo King),
Goat Game,goatgames.com,Gaming,"Chinese mobile game publisher of free-to-play RPG and idle titles, monetised through app-store in-app purchases across global markets.",,,Not Contacted,,,,,,China,,,Search: Goat Game,
Gravity,gravity.co.kr,Gaming,"NASDAQ: GRVY. Ragnarok franchise. Mobile 81.2% / PC 16.1% of FY2025 revenue, but PC segment +35.0% YoY in Q2 2026 while total fell. Runs own web top-up storefronts for mobile titles. 20-F discloses payment-processing commission of 1.4-2.8% (KR) vs 5-21% (TW), 1.5-24% (TH), 0.7-30% (LatAm). Researched 2026-09-20, ICP 24/29.",,,Not Contacted,,,,"ECPay, GASH Plus, So-net mpay, MyCard (TW/HK/MO); UniPin, Razer Gold, GOC Pay, OneOne (SEA/TH); EBANX, Xsolla Pay (LatAm); Mobilians (KR); PayPal (US/CA)",None detected - greenfield (verified 2026-09-20),South Korea,"Taiwan, Indonesia, Thailand, Philippines, Korea, Hong Kong, Malaysia, Singapore, US, Brazil (Japan via GungHo licensee)","$388.0M FY2025 (KRW 560,548M, audited 20-F); FY2024 $346.7M - '~$300M (FY24)' understated ~15%",Search: Gravity,
GREE,gree.jp,Gaming,"Japanese mobile game developer and publisher, formerly a social network; free-to-play titles plus investment and advertising businesses.",,,Not Contacted,,,,,,Japan,,~$400M (FY24),Search: GREE,
Grinding Gear Games,pathofexile.com,Gaming,New Zealand studio behind Path of Exile; free-to-play action RPG monetised through cosmetic microtransactions sold direct to players worldwide.,,,Not Contacted,,,,,,New Zealand,"Global (NZ, Tencent-owned)",~$150M est.,Search: Grinding Gear Games,
GungHo Online Entertainment,gungho.co.jp,Gaming,Japanese mobile and console publisher best known for Puzzle & Dragons; in-app purchase revenue concentrated in Japan.,,,Not Contacted,,,,,,Japan,Japan + Global,~$700M (FY24),Search: GungHo Online Entertainment,
Habby (Archero),habby.com,Gaming,Singapore-based mobile game publisher behind Archero and Survivor.io; casual action titles monetised globally through app stores.,,,Not Contacted,,,,,,Singapore,,~$300M est. (private),Search: Habby (Archero),
HAGO,ihago.net,Gaming,"JOYY Inc (NASDAQ: YY) subsidiary; billing entity HAGO SINGAPORE PTE. LTD., UEN 201815430H. IN-HOUSE: a multi-tenant pay-center routing ~25 JOYY apps across ~150 countries and ~25 PSPs, on an EOL Tomcat 7.0.82 stack. Indonesia and South Asia each get a dedicated backend. Treats Google and Apple billing as two channels among ~25. Researched 2026-09-20, ICP 19/29. WARNING: JOYY owns an app called 'Yuno' (com.joyy.yuno) - 57 grep hits that are NOT us.",,,Not Contacted,,,,"Xendit, Centili, MOL/Razer, Coda, ShareitPay, EBANX, dLocal, Nganluong, Xsolla, V5pay, Tikipay, Upay, Airwallex, Checkout.com, Oceanpay, Tap, Huifu, Paymentwall, PayPal, Catappult, Dokypay, Antom, Stripe, Pagsmile, Momo, Payoneer, EZeeLink, CrossPay",In-house - the group pay-center at pay.ihago.net IS the orchestration layer,Singapore,7 regional backends over ~150 country codes; dedicated backends for Indonesia and South Asia; MENA shares one with Africa and Turkey,"Not disclosed at HAGO level. Ceiling is JOYY 'All other' live-streaming revenue US$83.2M FY2025, shared with other audio platforms. Do not quote a HAGO revenue figure.",Search: HAGO,
Happibits,happibits.com,Gaming,Singapore mobile game publisher of casual merge and simulation titles such as Merge Cooking; app-store in-app purchases worldwide.,,,Not Contacted,,,,,,Singapore,,,Search: Happibits,
Happy Elements,happyelements.co.jp,Gaming,"Games developer with Chinese roots and Japanese operations; anime-style mobile titles including Ensemble Stars, monetised through gacha in-app purchases.",,,Not Contacted,,,,,,,CN/JP,~$500M est.,Search: Happy Elements,
HoYoverse (miHoYo),hoyoverse.com,Gaming,Singapore-headquartered developer of Genshin Impact and Honkai; global free-to-play gacha titles sold through app stores and its own top-up site.,,,Not Contacted,,,,,,Singapore,,~$5-6B est. (private),Search: HoYoverse (miHoYo),
Hypergryph,hypergryph.com,Gaming,"Chinese studio behind Arknights; free-to-play mobile gacha games published in China, Japan, Korea and Western markets.",,,Not Contacted,,,,,,,CN + Global,~$800M est. (Arknights),Search: Hypergryph,
iDreamsky,idreamsky.com,Gaming,"Chinese mobile game publisher and distributor, Hong Kong-listed; licenses and operates third-party titles for China and overseas markets.",,,Not Contacted,,,,,,China,,~$300M (FY24),Search: iDreamsky,
IGG,igg.com,Gaming,Singapore-based mobile game developer behind Lords Mobile and Castle Clash; strategy titles monetised across many countries and currencies.,,,Not Contacted,,,,,,Singapore,SG/Global,~$750M (FY24),Search: IGG,
IM30,im30.net,Gaming,Beijing developer of Last Shelter: Survival and similar mobile strategy games; free-to-play titles published globally with high transaction volume.,,,Not Contacted,,,,,,China,,,Search: IM30,
JetSynthesys,jetsynthesys.com,Gaming,"Indian digital entertainment company spanning mobile games, esports and creator platforms; consumer in-app purchases mainly from Indian players.",,,Not Contacted,,,,,,India,India,~$50M est.,Search: JetSynthesys,
Kadokawa Games,kadokawa.co.jp,Gaming,Game publishing arm of Japan's Kadokawa media group; console and PC titles tied to its manga and anime IP.,,,Not Contacted,,,,,,Japan,,,Search: Kadokawa Games,
Kakao Games,kakaogames.com,Gaming,Korean publisher of PC and mobile titles including Odin and ArcheAge; operates games in Korea and overseas markets.,,,Not Contacted,,,,,,South Korea,KR + Global,~$750M (FY24),Search: Kakao Games,
Kingnet,kingnet.com,Gaming,Chinese mobile game developer and publisher; free-to-play RPG and strategy titles distributed domestically and through overseas partners.,,,Not Contacted,,,,,,China,,~$300M est.,Search: Kingnet,
KLab,klab.com,Gaming,Japanese mobile game developer known for anime IP titles such as Captain Tsubasa and Love Live; gacha monetisation across Asia.,,,Not Contacted,,,,,,Japan,,,Search: KLab,
Koei Tecmo,koeitecmo.co.jp,Gaming,"Japanese console and PC publisher behind Dynasty Warriors, Nioh and Atelier; packaged and digital game sales worldwide.",,,Not Contacted,,,,,,Japan,,~$600M (FY24),Search: Koei Tecmo,
Konami Digital Entertainment,konami.com,Gaming,"Japanese publisher of eFootball, Yu-Gi-Oh and Metal Gear; console, mobile and card game revenue across global markets.",,,Not Contacted,,,,,,Japan,,~$2.4B group (FY24),Search: Konami Digital Entertainment,
Krafton (PUBG),krafton.com,Gaming,"Korean publisher of PUBG: Battlegrounds; free-to-play battle royale selling in-game currency worldwide, with a very large Indian player base.",,,Not Contacted,,,,,,South Korea,,~$1.9B (FY24),Search: Krafton (PUBG),
Kurogame 库洛游戏,kurogames.com,Gaming,Chinese developer of Wuthering Waves and Punishing: Gray Raven; free-to-play gacha titles self-published globally with direct top-up.,,,Not Contacted,,,,,,China,,,Search: Kurogame 库洛游戏,
Legougames,legougames.com,Gaming,Chengdu-based mobile game developer and publisher; free-to-play titles distributed through app stores in China and overseas markets.,,,Not Contacted,,,,,,China,,,Search: Legougames,
Level Infinite (Tencent),levelinfinite.com,Gaming,Tencent's international game publishing brand; markets and operates Chinese-developed titles outside China across dozens of countries and currencies.,,,Not Contacted,,,,,,China/Singapore,China/Singapore,,Search: Level Infinite (Tencent),
Level-5,level5.co.jp,Gaming,"Japanese developer and publisher behind Yo-kai Watch, Professor Layton and Inazuma Eleven; console and mobile titles for families.",,,Not Contacted,,,,,,Japan,,,Search: Level-5,
Lilith Games (AFK Arena),lilith.com,Gaming,Chinese developer of Rise of Kingdoms and the AFK Arena series; free-to-play mobile games with large overseas revenue share.,,,Not Contacted,,,,,,China,,~$1.5B est. (private),Search: Lilith Games (AFK Arena),
Magic Taven,magictavern.com,Gaming,"Chinese-founded mobile studio behind Project Makeover; casual puzzle games monetised through app-store purchases, mainly in Western markets.",,,Not Contacted,,,,,,China,,~$500M est.,Search: Magic Taven,
MANJUU,manjuu.com,Gaming,"Chinese developer of Azur Lane; anime-style mobile games released in China, Japan and the West through regional publishing partners.",,,Not Contacted,,,,,,China,,,Search: MANJUU,
Mars Games,marsgames.com,Gaming,Games company with no reliable public information available; the listing indicates a small mobile or online game developer or publisher.,,,Not Contacted,,,,,,,,,Search: Mars Games,
Marvelous,marv.jp,Gaming,Japanese publisher and developer of Story of Seasons and Rune Factory; console and PC games plus anime and amusement businesses.,,,Not Contacted,,,,,,Japan,Japan + Global,~$200M (FY24),Search: Marvelous,
Mech Mocha,mechmocha.com,Gaming,Indian mobile games studio building casual and social titles for Indian players; small domestic in-app purchase base.,,,Not Contacted,,,,,,India,India,,Search: Mech Mocha,
Mechanist Games,mechanist.co,Gaming,Xiamen-based developer of King's Throne and similar mobile strategy RPGs; free-to-play titles published to Western and Asian markets.,,,Not Contacted,,,,,,China,,,Search: Mechanist Games,
Microfun,microfun.com,Gaming,Beijing mobile game publisher of casual and puzzle titles; consistently among China's largest publishers by overseas app-store revenue.,,,Not Contacted,,,,,,China,,,Search: Microfun,
Mixi,mixi.co.jp,Gaming,"Japanese company behind the Monster Strike mobile game, plus sports and social businesses; revenue concentrated in Japan.",,,Not Contacted,,,,,,,Japan-centric,~$1B (FY24),Search: Mixi,
Mobeegaming,mobeegaming.com,Gaming,Mobile game company with no reliable public information available; the domain suggests a small Chinese free-to-play developer or publisher.,,,Not Contacted,,,,,,China,,,Search: Mobeegaming,
Moonton,moonton.com,Gaming,Chinese developer of Mobile Legends: Bang Bang; dominant mobile MOBA in Southeast Asia with heavy local payment method use.,,,Not Contacted,,,,,,China,,~$1B+ est.,Search: Moonton,
Mytona,mytona.com,Gaming,Developer of free-to-play mobile titles Seekers Notes and Cooking Diary; casual games sold worldwide through app stores.,,,Not Contacted,,,,"Apple App Store, Google Play, Microsoft Store, Amazon Appstore, Facebook; in-app purchase billing",,New Zealand,,,Search: Mytona,
Nazara Technologies,nazara.com,Gaming,"Indian listed gaming group spanning mobile games, esports (NODWIN) and gaming media; mixed Indian and international revenue.",,,Not Contacted,,,,,,,IN + Global,~$150M (FY25),Search: Nazara Technologies,
nCore Games,ncoregames.com,Gaming,Indian mobile game studio behind FAU-G; small domestic player base paying through local Indian payment methods.,,,Not Contacted,,,,,,,India,~$20M est.,Search: nCore Games,
NCSoft,ncsoft.com,Gaming,"Korean publisher of Lineage, Guild Wars and Throne and Liberty; MMOs monetised through in-game item and subscription sales.",,,Not Contacted,,,,,,South Korea,KR + Global,~$1.2B (FY24),Search: NCSoft,
Neocraft,neocraftstudio.com,Gaming,"Hong Kong mobile game publisher; free-to-play strategy and RPG titles localised for Southeast Asia, Japan and Western markets.",,,Not Contacted,,,,,,Hong Kong,,,Search: Neocraft,
Neocraft Studio,neocraft.net,Gaming,Hong Kong mobile game developer and publisher of free-to-play titles for overseas markets; appears related to the other Neocraft entry.,,,Not Contacted,,,,,,Hong Kong,,,Search: Neocraft Studio,
Neowiz,neowiz.com,Gaming,"Korean publisher and developer behind Lies of P and DJMax; console, PC and web board game businesses.",,,Not Contacted,,,,,,South Korea,KR + Global,~$250M (FY24),Search: Neowiz,
NetDragon Websoft,nd.com.cn,Gaming,Chinese online game developer behind Eudemons Online and Conquer Online; also sells classroom education technology internationally.,,,Not Contacted,,,,,,China,CN + Global,~$1B (FY24),Search: NetDragon Websoft,
Netease,netease.com,Gaming,"China's second-largest game company; self-developed and licensed PC and mobile titles, plus music, education and cloud businesses.",,,Not Contacted,,,,,,China,,EXISTING YUNO MERCHANT,Search: Netease,
Netmarble,netmarble.com,Gaming,Korean mobile game publisher with IP-based titles such as Marvel Future Fight and Seven Knights; most revenue from overseas.,,,Not Contacted,,,,,,South Korea,,~$1.9B (FY24),Search: Netmarble,
Nexon,nexon.com,Gaming,"Japan-listed, Korean-founded publisher of MapleStory and Dungeon&Fighter; live-service PC and mobile games across Korea, China and Japan.",,,Not Contacted,,,,,,Japan,,~$2.8B (FY24),Search: Nexon,
Nihon Falcom,falcom.co.jp,Gaming,Small Japanese developer of the Ys and Trails JRPG series; console and PC games licensed for overseas release.,,,Not Contacted,,,,,,Japan,,,Search: Nihon Falcom,
Nintendo,nintendo.com,Gaming,"Japanese console maker and publisher of Mario, Zelda and Pokemon; hardware, packaged games and eShop digital sales worldwide.",,,Not Contacted,,,,,,Japan,,~$12B (FY24),Search: Nintendo,
ONEMT,onemt.com,Gaming,Chinese mobile game publisher focused on Middle East and North Africa markets; strategy titles relying on regional local payment methods.,,,Not Contacted,,,,,,China,,,Search: ONEMT,
Papergames,papergames.cn,Gaming,Chinese developer of Love and Deepspace and the Nikki dress-up series; female-focused mobile games monetised through gacha purchases.,,,Not Contacted,,,,,,,CN + Global,~$1B est.,Search: Papergames,
Pearl Abyss,pearlabyss.com,Gaming,"Korean developer of Black Desert Online; MMO with item-shop sales, self-published across Korea, North America and Europe.",,,Not Contacted,,,,,,South Korea,,~$250M (FY24),Search: Pearl Abyss,
Perfect World Games,perfectworld.com,Gaming,"Chinese developer and publisher of PC and mobile MMOs, plus film production; operates domestically and licenses titles abroad.",,,Not Contacted,,,,,,China,,~$1B (FY24),Search: Perfect World Games,
Pico XR,picoxr.com,Gaming,"ByteDance-owned VR headset maker; sells hardware plus a content store with app and in-app purchases, mainly in China.",,,Not Contacted,,,,,,China,,,Search: Pico XR,
Play 800,play800.com,Gaming,Chinese game distribution platform offering browser and mobile titles with account top-ups; little public information on its scale.,,,Not Contacted,,,,,,China,,,Search: Play 800,
Qingci Game,qcplay.com,Gaming,Hong Kong-listed Chinese mobile game developer and publisher; free-to-play titles released in China and overseas markets.,,,Not Contacted,,,,,,China,,,Search: Qingci Game,
Rastar,rastargames.com,Gaming,"Chinese mobile game publisher, part of a toy and licensing group; football and IP-based titles for domestic and overseas players.",,,Not Contacted,,,,,,China,,,Search: Rastar,
Raster Games,raster.app,Gaming,Games company with no reliable public information available; the domain suggests a small mobile or web game developer.,,,Not Contacted,,,,,,,,,Search: Raster Games,
Razer,razer.com,Gaming,Singapore gaming hardware brand; also runs Razer Gold virtual credits and payment services for game top-ups across Southeast Asia.,,,Not Contacted,,,,"Razer Merchant Services (Razer Fintech); cards, Razer Gold, local e-wallets",In-house Routing,Singapore,,"~$1.6B (FY23, private post-delisting)",Search: Razer,
River Game,rivergame.net,Gaming,Chinese mobile publisher behind Top War and similar strategy titles; free-to-play games marketed heavily in Western and Asian markets.,,,Not Contacted,,,,,,China,,,Search: River Game,
Rooter,rooter.gg,Gaming,"Indian game streaming and esports platform; monetises through virtual coins, rewards and advertising using domestic payment methods.",,,Not Contacted,,,,,,India,,,Search: Rooter,
SEA Gamer Mall,seagm.com,Gaming,"Digital-goods marketplace (game top-ups, gift cards). Greenfield: 7 named PSPs, 39 billing currencies, ~90 rails, no orchestration layer. Mobile app routes payments through pay.seagm.com in a React Native webview - NOT IAP. Vietnam is card-only (Airwallex) against Indonesia's 8 rails. Researched 2026-09-20, ICP 22/29.",,,Not Contacted,,,,"Stripe (global cards), MOLPay/Razer Merchant Services (MY+SG), Airwallex (ID DANA + VN cards), PayPal, Paysafecard, Skrill, Atome; Forter for fraud. Acleda XPay/Chip Mong are RAILS, not gateways.",None detected - greenfield (verified 2026-09-20),Malaysia,"Malaysia, Singapore, Thailand, Indonesia, Philippines, Vietnam, Cambodia, Hong Kong, Taiwan, China, Japan, Korea, Australia, Mongolia (39 billing currencies)",Private - no audited figure published. Do not quote a revenue number.,Search: SEA Gamer Mall,
Sea Limited (Garena),garena.com,Gaming,"Garena is the games arm of Sea, publisher of Free Fire; huge Southeast Asian and Latin American player base paying locally.",,,Not Contacted,,,,,In-house Routing,Singapore,Singapore,,Search: Sea Limited (Garena),
Seasun Games,seasungames.com,Gaming,"Kingsoft's games subsidiary; PC and mobile titles including the JX Online martial arts series, sold mainly to Chinese players.",,,Not Contacted,,,,,,China,,,Search: Seasun Games,
Sega,sega.com,Gaming,"Japanese publisher of Sonic, Persona and Football Manager; console, PC and mobile games plus arcade and amusement operations.",,,Not Contacted,,,,,,Japan,,"~$3.2B (Sega Sammy, FY24)",Search: Sega,
Sky Mavis,skymavis.com,Gaming,Vietnamese studio behind Axie Infinity and the Ronin blockchain; game economy runs on crypto payments and player payouts.,,,Not Contacted,,,,,,Vietnam,,,Search: Sky Mavis,
Smilegate,smilegate.com,Gaming,Korean game developer and publisher behind CrossFire and Lost Ark; PC and mobile titles operated in China and globally.,,,Not Contacted,,,,,,Korea,KR/CN + Global,~$1.1B est. (private),Search: Smilegate,
Snail Game,snail.com,Gaming,"US-listed, Chinese-founded publisher of the Ark: Survival series; console and PC games sold digitally worldwide.",,,Not Contacted,,,,,,China,CN + Global,~$150M est.,Search: Snail Game,
SohaGame,sohagame.vn,Gaming,Vietnamese mobile game publisher licensing Chinese titles for the local market; players top up through domestic wallets and carrier billing.,,,Not Contacted,,,,,,Vietnam,,,Search: SohaGame,
Sony Interactive Entertainment (PlayStation),playstation.com,Gaming,"PlayStation console, game and PlayStation Plus subscription business; enormous digital storefront volume and recurring billing across most world markets.",,,Not Contacted,,,,,,Japan,,$31.7B,Search: Sony Interactive Entertainment (PlayStation),
Spike Chunsoft,spike-chunsoft.co.jp,Gaming,Japanese developer and publisher of visual novels and adventure games including Danganronpa; console and PC titles localised worldwide.,,,Not Contacted,,,,,,Japan,,,Search: Spike Chunsoft,
SpinX Games,spinxgames.com,Gaming,"Hong Kong social casino developer of Cash Frenzy and Lotsa Slots, owned by Netmarble; free-to-play slots monetised mainly in America.",,,Not Contacted,,,,,,Hong Kong,HK + Global,~$1B est.,Search: SpinX Games,
Square Enix,square-enix.com,Gaming,"Japanese publisher of Final Fantasy and Dragon Quest; console, PC and mobile games plus MMO subscription revenue worldwide.",,,Not Contacted,,,,"cards (Visa, Mastercard, Maestro, Amex), PayPal",,Japan,,~$2.4B (FY24),Search: Square Enix,
SuperGaming,supergaming.com,Gaming,Indian studio behind Indus Battle Royale and MaskGun; free-to-play mobile shooters aimed largely at Indian players.,,,Not Contacted,,,,,,India,,,Search: SuperGaming,
Tanwan Games,tanwan.com,Gaming,"Chinese web and mobile game publisher; operates licensed free-to-play MMO titles with in-game top-ups, mainly for domestic players.",,,Not Contacted,,,,,,China,,,Search: Tanwan Games,
Tap4Fun,tap4fun.com,Gaming,Chengdu-based mobile game developer of sci-fi strategy titles; free-to-play games published to Western and Middle Eastern markets.,,,Not Contacted,,,,,,,CN + Global,~$150M est.,Search: Tap4Fun,
Tencent Games,tencentgames.com,Gaming,World's largest games publisher; operates Honor of Kings and PUBG Mobile and holds stakes in studios worldwide.,,,Not Contacted,,,,,,China,,Gaming seg ~$25B+ (Tencent group ~$86B),Search: Tencent Games,
Ubisoft Singapore,ubisoft.com,Gaming,"Ubisoft's Singapore development studio, known for naval gameplay and Skull and Bones; a studio, not a separate publisher.",,,Not Contacted,,,,,,Singapore,,Part of Ubisoft,Search: Ubisoft Singapore,
VGW,vgw.co,Gaming,Australian operator of social casino sites Chumba Casino and Global Poker; US players buy coin packages and redeem cash prizes.,,,Not Contacted,,,,,,Australia,,,Search: VGW,
Virtuos,virtuosgames.com,Gaming,"Singapore-based game development outsourcing firm; co-develops and ports AAA titles for console publishers, billing B2B rather than consumers.",,,Not Contacted,,,,,,Singapore,SG + Global,~$300M est.,Search: Virtuos,
VNG,vng.com.vn,Gaming,"Vietnamese internet group behind Zalo messaging, ZaloPay and game publishing; large domestic payments and game businesses.",,,Not Contacted,,,,,In-house Routing,Vietnam,VN + SEA,~$400M (FY24),Search: VNG,
VNGGames,vnggames.com,Gaming,VNG's game publishing arm; licenses and operates mobile and PC titles across Vietnam and Southeast Asia using local payment methods.,,,Not Contacted,,,,,,,VN + SEA,~$400M (VNG group),Search: VNGGames,
Wanmei Games,wanmei.com,Gaming,Perfect World's Chinese games operation; PC and mobile MMOs and licensed titles sold mainly to domestic players.,,,Not Contacted,,,,,,China,CN + Global,"~$1B (FY24, Perfect World)",Search: Wanmei Games,
Webzen,webzen.com,Gaming,"KOSDAQ 069080. MU Online. CRITICAL: audited FY2025 splits revenue into internet 22.8% (Webzen bills the player), royalty 39.1% (licensee bills) and mobile 37.8% (app store bills). Only ~KRW 39.8bn (~US$28M) is addressable - about 18% of the top line. Took SEA publishing back in-house from Asiasoft in March 2022 and is MoR for TH/BR/CL/CO/UY/EU/US. Built a full Thai rail and nothing at all for the Philippines. Researched 2026-09-20, ICP 19/29.",,,Not Contacted,,,,"Global portal: ChillPay (TH), Boacompra, PagSeguro, PayPal US/EU/JP as three separate tiles, Terminal3, paysafecard, EPIN, Multi Game Card, direct card (acquirer unknown). Korea PC: KG Mobilians, Galaxia Money Tree, Toss Payments, Payletter, Hecto Financial. Korea mobile: Mobilians, NHN KCP, PortOne.",In-house (Wcoin wallet over a hand-wired PSP tile wall) on the global portal; PortOne incumbent on Korean mobile - expect 'we already have an orchestrator',South Korea,"Korea (direct), Thailand, Brazil, Chile, Colombia, Uruguay, EU, US (direct via webzen.com). Germany = Gameforge licensee, China = five licensees - both EXCLUDED.","KRW 214.7bn FY2024 (~$157M) - '~$150M (FY24)' CONFIRMED but STALE. FY2025 KRW 174.4bn (~$121M), -18.8% YoY. Addressable slice is only ~US$28M.",Search: Webzen,
Wemade,wemade.com,Gaming,Korean publisher of the Legend of Mir and MIR4 franchise; also runs the WEMIX blockchain and token-based game economies.,,,Not Contacted,,,,,,,KR + Global,~$450M (FY24),Search: Wemade,
Winner Studio,wangyuan.com,Gaming,Chinese game developer and publisher (Wangyuan Shengtang) known for the Gujian single-player RPG series on PC and Steam.,,,Not Contacted,,,,,,China,,,Search: Winner Studio,
X.D. Network (XD Inc.),xd.com,Gaming,Chinese game publisher and operator of the TapTap Android app store; mobile and PC titles sold worldwide.,,,Not Contacted,,,,,,China,CN + Global,~$500M (FY24),Search: X.D. Network (XD Inc.),
Yiworld,yiworld.com,Gaming,Chinese games company with little public profile; most likely a mobile game developer or publisher monetising through app stores.,,,Not Contacted,,,,,,China,,,Search: Yiworld,
Yiyu 易娱网络,eyugame.com,Gaming,Shanghai mobile game developer and publisher of free-to-play titles monetised through in-app purchases on Chinese and overseas app stores.,,,Not Contacted,,,,,,China,,,Search: Yiyu 易娱网络,
YOOZOO Games,yoozoo.com,Gaming,Shanghai game publisher behind Game of Thrones: Winter is Coming and Legacy of Discord; mobile titles published globally.,,,Not Contacted,,,,,,China,CN + Global,~$300M (FY24),Search: YOOZOO Games,
Yostar,yostar.co.jp,Gaming,"Japanese publisher of Chinese-developed mobile games including Azur Lane, Arknights and Blue Archive; gacha purchases across multiple regions.",,,Not Contacted,,,,,,Japan,JP/CN + Global,~$500M est. (private),Search: Yostar,
Yotta Games,phantixgames.com,Gaming,Chinese mobile game publisher (Phantix Games) behind Mafia City; strategy titles monetised globally via app-store and web payments.,,,Not Contacted,,,,,,China,,,Search: Yotta Games,
Yunchang Games,nbjoy.com,Gaming,"Chinese mobile game developer and publisher (NebulaJoy), known for Devil May Cry: Peak of Combat; free-to-play app-store monetisation.",,,Not Contacted,,,,,,China,,,Search: Yunchang Games,
Zenjoy,zenjoy.net,Gaming,Chinese studio making casual and puzzle mobile games published globally; revenue from app-store purchases and in-game advertising.,,,Not Contacted,,,,,,China,,,Search: Zenjoy,
Zitga Studios,zitga.com.vn,Gaming,Vietnamese mobile game studio developing and publishing free-to-play RPG and idle titles globally through Apple and Google app stores.,,,Not Contacted,,,,,,Vietnam,VN + Global,,Search: Zitga Studios,
Zulong,zulong.com,Gaming,Chinese game developer behind Dragon Raja and Noah's Heart; 3D mobile RPGs published in China and overseas markets.,,,Not Contacted,,,,,,China,,~$150M est.,Search: Zulong,
Zupee,zupee.com,Gaming,Indian real-money skill gaming app with Ludo-style casual titles; high volumes of small player deposits and withdrawals.,,,Not Contacted,,,,,Juspay,India,,,Search: Zupee,
Zynga,zynga.com,Gaming,"Mobile and social games publisher owned by Take-Two, behind FarmVille and Words With Friends; app-store billing plus advertising.",,,Not Contacted,,,,,,,,,Search: Zynga,
Blinkit,blinkit.com,Grocery & Q-Commerce,"Indian 10-minute grocery delivery app owned by Eternal (Zomato); very high daily order volume, small baskets, domestic only.",,,Not Contacted,,,,,Juspay,India,,Part of Eternal/Zomato — JUSPAY,https://www.linkedin.com/company/letsblinkit,
Country Delight,countrydelight.in,Grocery & Q-Commerce,"Indian D2C dairy brand delivering milk and fresh staples on daily subscriptions; recurring prepaid wallet billing, domestic only.",,,Not Contacted,,,,,Juspay,India,,,https://www.linkedin.com/company/countrydelight,
DealShare,dealshare.in,Grocery & Q-Commerce,Indian value grocery e-commerce for smaller cities using community group buying; low ticket sizes and heavy cash-on-delivery use.,,,Not Contacted,,,,,Juspay,India,,,https://www.linkedin.com/company/dealshare-in,
FairPrice,fairprice.com.sg,Grocery & Q-Commerce,"Singapore's largest supermarket chain, NTUC-owned; stores plus online grocery, with very high in-store and online transaction volume.",,,Not Contacted,,,,,,Singapore,Singapore,~$3.5B (FY24),Search: FairPrice,
FirstClub,firstclub.in,Grocery & Q-Commerce,"Bengaluru quick-commerce startup selling curated premium groceries on a membership model; founded by an ex-Flipkart executive, India only.",,,Not Contacted,,,,,Juspay,India,,,https://www.linkedin.com/company/firstclub-private-limited,
FreshToHome,freshtohome.com,Grocery & Q-Commerce,"Online fresh fish, meat and produce retailer in India and the UAE; daily orders across two currency markets.",,,Not Contacted,,,,,Juspay,India,,,https://www.linkedin.com/company/freshtohome-foods-private-limited,
HappyFresh,happyfresh.com,Grocery & Q-Commerce,Indonesian online grocery delivery service picking orders from partner supermarkets in Southeast Asia; local payment methods and cash.,,,Not Contacted,,,,,,Indonesia,,,Search: HappyFresh,
Licious,licious.in,Grocery & Q-Commerce,"Indian D2C fresh meat and seafood brand with its own supply chain; app-based ordering and subscriptions, domestic only.",,,Not Contacted,,,,,Juspay,India,,,https://www.linkedin.com/company/licious,
Pluckk,pluckk.in,Grocery & Q-Commerce,"Mumbai-based D2C fresh fruit and vegetable brand selling through its own app, marketplaces and subscription produce boxes.",,,Not Contacted,,,,,Juspay,India,,,https://www.linkedin.com/company/pluckk,
Sid's Farm,sidsfarm.com,Grocery & Q-Commerce,"Hyderabad dairy brand delivering milk and dairy products on daily subscription; prepaid wallet recharges, limited to south India.",,,Not Contacted,,,,,Juspay,India,,,Search: Sid's Farm,
Walmart India Private Limited,bestprice.in,Grocery & Q-Commerce,Best Price cash-and-carry wholesale stores in India serving kirana shops and small businesses; bulk B2B orders.,,,Not Contacted,,,,,Juspay,India,,,Search: Walmart India Private Limited,
Apollo 247,apollo247.com,Healthcare,"Apollo Hospitals' online pharmacy and telehealth app in India; medicine delivery, lab tests and doctor consults at high volume.",,,Not Contacted,,,,,Juspay,India,,,Search: Apollo 247,
Apollo Hospitals,apollohospitals.com,Healthcare,"India's largest private hospital chain, with pharmacies and diagnostics; patient billing, insurance settlements and international medical-tourism payments.",,,Not Contacted,,,,,Juspay,India,,,https://www.linkedin.com/company/theapollohospitals,
Aswini Homeo,aswinihomeo.com,Healthcare,"Andhra Pradesh maker of homeopathy-based personal care products, best known for its Arnica hair oil; retail and online sales.",,,Not Contacted,,,,,Juspay,India,,,https://www.linkedin.com/company/aswini-homeo-&-ayurvedic-products-ltd,
BeatO,beatoapp.com,Healthcare,"Indian diabetes care company selling connected glucometers, test strips and subscription coaching programmes; recurring billing, domestic only.",,,Not Contacted,,,,,Juspay,India,,,https://www.linkedin.com/company/beato-health-arx-technologies-pvt-ltd,
Clinikally,clinikally.com,Healthcare,Indian online dermatology platform offering teleconsultations with skin doctors alongside D2C skincare and haircare product sales.,,,Not Contacted,,,,,Juspay,India,,,https://www.linkedin.com/company/clinikally,
Connect and Heal,connectandheal.com,Healthcare,"Indian primary and emergency healthcare provider selling employee health plans to corporates, plus clinics and home care.",,,Not Contacted,,,,,Juspay,India,,,https://www.linkedin.com/company/cnhcare,
Dr Lal PathLabs,lalpathlabs.com,Healthcare,North India-focused diagnostic lab chain running pathology tests through collection centres and home sample collection; very high patient volumes.,,,Not Contacted,,,,,Juspay,India,,,https://www.linkedin.com/company/dr-lal-pathlabs,
Fullerton Health,fullertonhealth.com,Healthcare,Singapore-based healthcare group running clinics and corporate health plans across several Asia-Pacific markets; multi-country billing and claims.,,,Not Contacted,,,,,,Singapore,SG + APAC,~$400M est.,Search: Fullerton Health,
Guardian,guardian.com.my,Healthcare,"Malaysia's health and beauty pharmacy retail chain, part of DFI Retail Group; high-volume store and online sales.",,,Not Contacted,,,,,,Malaysia,,Part of DFI Retail,Search: Guardian,
IHH Healthcare Berhad,ihhhealthcare.com,Healthcare,"Malaysian-listed hospital operator running Gleneagles, Mount Elizabeth, Pantai and Acibadem across Asia and Turkey; multi-currency patient billing.",,,Not Contacted,,,,,,,MY/SG/TR/IN,~$5.5B (FY24),Search: IHH Healthcare Berhad,
Jeena Sikho Lifecare,jeenasikho.co,Healthcare,Indian Ayurveda healthcare company running Shuddhi clinics and hospitals and selling herbal medicines online and through franchised stores.,,,Not Contacted,,,,,Juspay,India,,,https://www.linkedin.com/company/jeenasikho,
Manipal Hospitals,manipalhospitals.com,Healthcare,"Indian private hospital chain across many cities; patient billing, insurance settlements and some international patient volume.",,,Not Contacted,,,,,Juspay,India,,,https://www.linkedin.com/company/official-manipal-hospitals,
Mylo,mylofamily.com,Healthcare,"Indian pregnancy and parenting app that also sells mother-and-baby care products direct to consumers; app-based ordering, domestic.",,,Not Contacted,,,,,Juspay,India,,,https://www.linkedin.com/company/mylofamily,
Narayana Health,narayanahealth.org,Healthcare,"Indian hospital chain known for affordable cardiac care; hospitals in India and the Cayman Islands, plus its own insurance arm.",,,Not Contacted,,,,,Juspay,India,,,https://www.linkedin.com/company/narayanahealth,
Orange Health Labs,orangehealth.in,Healthcare,Indian at-home diagnostics company collecting samples and returning lab results within hours; app-based bookings in major cities.,,,Not Contacted,,,,,Juspay,India,,,https://www.linkedin.com/company/orange-health,
PharmEasy,pharmeasy.in,Healthcare,"Indian online pharmacy and diagnostics platform delivering prescription and OTC medicines; high order volume, domestic only.",,,Not Contacted,,,,,Juspay,India,,,https://www.linkedin.com/company/pharmeasy,
Practo,practo.com,Healthcare,"Indian doctor discovery and telemedicine platform; consultations and appointments for patients, plus subscription practice-management software for clinics.",,,Not Contacted,,,,,Juspay,India,,,https://www.linkedin.com/company/practo-technologies-pvt-ltd,
Raffles Medical Group,rafflesmedicalgroup.com,Healthcare,"Singapore private healthcare group with hospitals and clinics in Singapore, China, Japan and Vietnam; multi-country patient billing.",,,Not Contacted,,,,,,,SG + CN/JP/VN,~$550M (FY24),Search: Raffles Medical Group,
Suburban Diagnostics,suburbandiagnostics.com,Healthcare,Mumbai-based pathology and radiology diagnostics chain with collection centres and home sample collection across western India.,,,Not Contacted,,,,,Juspay,India,,,Search: Suburban Diagnostics,
Tata 1mg,1mg.com,Healthcare,"Tata-owned Indian online pharmacy selling medicines, health products and lab tests; high volume of small consumer orders.",,,Not Contacted,,,,,Juspay,India,,,Search: Tata 1mg,
Thyrocare,thyrocare.com,Healthcare,"Indian pathology lab running centralised testing for collection centres, hospitals and consumers; high test volumes, B2B and direct.",,,Not Contacted,,,,,Juspay,India,,,Search: Thyrocare,
Zeelab Pharmacy,zeelabpharmacy.com,Healthcare,Indian discount pharmacy chain and app selling low-cost generic medicines through franchised stores and home delivery.,,,Not Contacted,,,,,Juspay,India,,,Search: Zeelab Pharmacy,
Aman Resorts,aman.com,Hospitality & Lodging,Singapore-headquartered ultra-luxury resort and hotel operator with properties worldwide; high-value cross-border bookings in multiple currencies.,,,Not Contacted,,,,,,Singapore,,,Search: Aman Resorts,
Amara Hotels & Resorts,amarahotels.com,Hospitality & Lodging,"Singapore hotel owner and operator with properties in Singapore, Sentosa and Bangkok; direct bookings plus OTA channels.",,,Not Contacted,,,,,,Singapore,,,Search: Amara Hotels & Resorts,
"Anantara Hotels, Resorts & Spas",anantara.com,Hospitality & Lodging,"Thai luxury hotel and resort brand owned by Minor Hotels, with properties across Asia, the Middle East and Europe.",,,Not Contacted,,,,,,Thailand,,,"Search: Anantara Hotels, Resorts & Spas",
Banyan Tree,banyantree.com,Hospitality & Lodging,"Singapore-listed resort, spa and branded-residence operator with properties across Asia and beyond; multi-currency bookings and management fees.",,,Not Contacted,,,,,,Singapore,,$285.81M,Search: Banyan Tree,
Brevistay,brevistay.com,Hospitality & Lodging,"Indian booking platform for hourly hotel stays; high volume of short low-value bookings, prepaid or paid at hotel.",,,Not Contacted,,,,,Juspay,India,,,https://www.linkedin.com/company/brevistay,
Dusit International,dusit.com,Hospitality & Lodging,"Thai hotel group operating Dusit Thani and related brands across Asia and the Middle East, plus hospitality education and food businesses.",,,Not Contacted,,,,,,Thailand,TH + Asia,~$300M (FY24),Search: Dusit International,
Genting Berhad,genting.com,Hospitality & Lodging,"Malaysian conglomerate operating casinos, resorts and cruise lines in Malaysia, Singapore and the UK; very high gaming transaction volume.",,,Not Contacted,,,,,,Singapore,MY + Global,~$6B (FY24),Search: Genting Berhad,
Ginger Hotels (IHCL),gingerhotels.com,Hospitality & Lodging,"IHCL's lean-luxury budget hotel brand in India, largely managed and franchised; high-volume domestic room bookings.",,,Not Contacted,,,,,Juspay,India,,,https://www.linkedin.com/company/gingerhotels,
H World Group Limited,hworld.com,Hospitality & Lodging,"Chinese hotel group formerly Huazhu, running Hanting, JI and Orange brands plus Europe's Steigenberger; very high booking volume.",,,Not Contacted,,,,,,China,CN + Global,~$3.3B (FY24),Search: H World Group Limited,
Indian Hotels Company (Taj),ihcltata.com,Hospitality & Lodging,"Tata's hotel arm operating Taj, Vivanta and SeleQtions hotels in India and overseas; rooms, F&B and loyalty spend.",,,Not Contacted,,,,,Juspay,India,IN + intl,IHCL ~$1B (FY25),https://www.linkedin.com/company/the-indian-hotels-company-limited,
Jin Jiang International,jinjiang.com,Hospitality & Lodging,"Shanghai state-owned hotel group, China's largest by room count; also owns Louvre Hotels in Europe, so multi-currency bookings.",,,Not Contacted,,,,,,China,CN + Global,~$2B (FY24),Search: Jin Jiang International,
Langham Hospitality Group,langhamhospitalitygroup.com,Hospitality & Lodging,"Hong Kong luxury hotel operator owned by Great Eagle, running Langham and Cordis hotels across Asia, Europe and North America.",,,Not Contacted,,,,,,Hong Kong,,~$700M est.,Search: Langham Hospitality Group,
Mandarin Oriental Hotel Group,mandarinoriental.com,Hospitality & Lodging,"Hong Kong-based luxury hotel group in the Jardine Matheson stable, operating hotels and branded residences globally; cross-border guest bookings.",,,Not Contacted,,,,,,Hong Kong,,~$2B (FY24),Search: Mandarin Oriental Hotel Group,
Marina Bay Sands,marinabaysands.com,Hospitality & Lodging,"Singapore integrated resort with hotel, casino, mall and convention centre, owned by Las Vegas Sands; very high transaction volume.",,,Not Contacted,,,,,,,Singapore (LVS),~$4B (FY24),Search: Marina Bay Sands,
Minor Hotels,minorhotels.com,Hospitality & Lodging,"Thai hotel owner and operator running Anantara, Avani and Europe's NH Hotels; bookings across dozens of countries and currencies.",,,Do not Contact,,,,,,Thailand,,$3.17B,Search: Minor Hotels,
OYO Hotels,oyorooms.com,Hospitality & Lodging,"Indian budget hotel aggregator and franchisor with rooms in India, Southeast Asia, Europe and the US; high multi-currency booking volume.",,,Not Contacted,,,,,Juspay,India,IN + Global,$650 M,https://www.linkedin.com/company/oyo-rooms,
Park Hotel Group,parkhotelgroup.com,Hospitality & Lodging,"Singapore-based hotel owner and operator with Grand Park and Park Hotel properties in Singapore, Hong Kong, Japan and Australia.",,,Not Contacted,,,,,,Singapore,,,Search: Park Hotel Group,
RedDoorz,reddoorz.com,Hospitality & Lodging,Singapore-headquartered budget hotel booking and franchise brand focused on Indonesia and Southeast Asia; heavy local payment method and cash usage.,,,Not Contacted,,,,,,Singapore,,,Search: RedDoorz,
Resorts World Genting,rwgenting.com,Hospitality & Lodging,"Genting's hilltop casino, hotel and theme park resort in Malaysia; very high visitor transaction volume across gaming and retail.",,,Not Contacted,,,,,,Malaysia,Malaysia,Part of Genting BHD,Search: Resorts World Genting,
Rosewood Hotel Group,rosewoodhotelgroup.com,Hospitality & Lodging,"Hong Kong-based luxury hotel operator under New World, running Rosewood, Carlyle and Pentahotels worldwide; high-value multi-currency bookings.",,,Not Contacted,,,,,,Hong Kong,,~$1B est.,Search: Rosewood Hotel Group,
Siam Kempinski Hotel,kempinski.com,Hospitality & Lodging,"Bangkok luxury hotel run by Kempinski, the European hotel group; international guest bookings settled in multiple currencies.",,,Not Contacted,,,,,,Thailand,Thailand,,Search: Siam Kempinski Hotel,
SiteMinder,siteminder.com,Hospitality & Lodging,"Australian software company selling hotels channel management, booking engine and payment tools on subscription; processes guest bookings globally.",,,Not Contacted,,,,,,Australia,,"~$130M (FY24, ASX)",Search: SiteMinder,
Six Senses Hotels Resorts Spas,sixsenses.com,Hospitality & Lodging,"Luxury resort and wellness brand owned by IHG, with properties across Asia, Europe and the Americas; cross-border bookings.",,,Not Contacted,,,,,,Thailand,,,Search: Six Senses Hotels Resorts Spas,
The Oberoi Group,oberoihotels.com,Hospitality & Lodging,Indian luxury hotel company (EIH) operating Oberoi and Trident hotels in India and a few overseas markets; international guests.,,,Not Contacted,,,,,,India,IN + intl,~$350M (FY25),Search: The Oberoi Group,
The Peninsula Hotels,peninsula.com,Hospitality & Lodging,"Hong Kong luxury hotel group owned by Hongkong and Shanghai Hotels, with properties in Asia, Europe and the US.",,,Not Contacted,,,,,,Hong Kong,,~$1.4B (HSH FY24),Search: The Peninsula Hotels,
Treebo Hotels,treebo.com,Hospitality & Lodging,Indian budget hotel franchise and booking brand that also sells distribution software to hotels; high-volume low-value domestic bookings.,,,Not Contacted,,,,,,India,,NA,Search: Treebo Hotels,
ZEN Rooms,zenrooms.com,Hospitality & Lodging,Singapore-headquartered budget hotel booking and management brand across Southeast Asia; local payment methods and pay-at-hotel cash common.,,,Not Contacted,,,,,,Singapore,,,Search: ZEN Rooms,
ACKO,acko.com,Insurance,"Indian digital-only insurer selling car, bike and health cover direct online and embedded in partner apps; recurring premium collection.",,,Not Contacted,,,,,Juspay,India,,,https://www.linkedin.com/company/acko,
AIA,aia.com,Insurance,Hong Kong-based pan-Asian life and health insurer operating in 18 markets; recurring premium collection in many local currencies.,,,Not Contacted,,,,,,Hong Kong,,~$20B (FY24),Search: AIA,
Aioi Nissay Dowa,aioinissaydowa.co.jp,Insurance,"Japanese property and casualty insurer in the MS&AD group; motor and telematics cover, with operations in Europe and Asia.",,,Not Contacted,,,,,,Japan,JP + Global,~$10B est.,Search: Aioi Nissay Dowa,
bolttech,bolttech.io,Insurance,"Singapore insurtech running an embedded insurance exchange; device protection and other cover sold through telcos, retailers and banks across many markets.",,,Not Contacted,,,,,,Singapore,30+ markets (SG HQ),~$300M est.,Search: bolttech,
Cover Genius,covergenius.com,Insurance,"Australian embedded insurance company behind XCover, selling cover through e-commerce, travel and fintech partners; global premiums and claim payouts.",,,Not Contacted,,,,,,Australia,,~$100M est.,Search: Cover Genius,
Digit Insurance,godigit.com,Insurance,"Indian digital general insurer selling motor, health and travel cover online and through partners; high volume of small premiums.",,,Not Contacted,,,,,Juspay,India,India,,https://www.linkedin.com/company/godigit,
FWD,fwd.com,Insurance,Hong Kong-based life insurer operating across roughly ten Asian markets; recurring premium collection in multiple local currencies and payment methods.,,,Not Contacted,,,,,,Hong Kong,,,Search: FWD,
Galaxy Health Insurance,galaxyhealth.in,Insurance,Indian standalone health insurer launched in 2024 by former Star Health executives; retail health policies with recurring premium renewals.,,,Not Contacted,,,,,Juspay,India,,,Search: Galaxy Health Insurance,
HDFC Life Digital,hdfclife.com,Insurance,"Indian life insurer's direct online channel selling term, savings and unit-linked policies; recurring premium collection via bank mandates.",,,Not Contacted,,,,,,India,India,HDFC Life ~$8B,Search: HDFC Life Digital,
ICICI Lombard,icicilombard.com,Insurance,"Indian general insurer selling motor, health, travel and commercial cover through agents, banks and online; high policy volume.",,,Not Contacted,,,,,Juspay,India,,,https://www.linkedin.com/company/icici-lombard,
ICICI Prudential Life,iciciprulife.com,Insurance,"Indian life insurer selling protection, savings and unit-linked policies through ICICI Bank, agents and online; recurring premium mandates.",,,Not Contacted,,,,,Juspay,India,,,https://www.linkedin.com/company/icici-prudential-life-insurance-company-limited,
IFFCO Tokio,iffcotokio.co.in,Insurance,"General insurer in India, joint venture of IFFCO and Tokio Marine; motor, health and crop cover sold through agents and online.",,,Not Contacted,,,,,Juspay,India,,,https://www.linkedin.com/company/iffco--tokio-general-insurance-co--ltd-,
Igloo,igloo.co,Insurance,Singapore insurtech selling micro-insurance across Southeast Asia through e-commerce and app partners; huge volumes of small local-currency premiums.,,,Not Contacted,,,,,,Singapore,Singapore,,Search: Igloo,
Kotak General Insurance,kotakgeneral.com,Insurance,"Indian general insurer, now majority-owned by Zurich; motor, health and property cover sold to retail customers domestically.",,,Not Contacted,,,,,Juspay,India,,,https://www.linkedin.com/company/kotak-general-insurance,
Manulife Financial Corp,manulife.com,Insurance,"Canadian life insurer and asset manager; its Asia division sells life, health and retirement products across a dozen APAC markets.",,,Not Contacted,,,,,,Singapore,Global (strong Asia),~$20B Asia seg,Search: Manulife Financial Corp,
MSIG,msig-asia.com,Insurance,"Mitsui Sumitomo's general insurance arm in Asia; motor, property, travel and commercial cover written across a dozen APAC markets.",,,Not Contacted,,,,,,Singapore,,,Search: MSIG,
Niva Bupa,nivabupa.com,Insurance,Indian standalone health insurer selling retail and group medical cover; annual premium renewals collected largely online.,,,Not Contacted,,,,,Juspay,India,India,,https://www.linkedin.com/company/niva-bupa,
OneDegree,onedegree.hk,Insurance,"Hong Kong digital insurer selling pet, home and digital-asset cover direct online; card-based recurring premium payments.",,,Not Contacted,,,,,,Hong Kong,Hong Kong,~$30M est.,Search: OneDegree,
Onsurity,onsurity.com,Insurance,Indian healthtech selling monthly-subscription group health insurance and wellness benefits to SMEs; recurring per-employee billing.,,,Not Contacted,,,,,Juspay,India,,,https://www.linkedin.com/company/onsurity,
PasarPolis,pasarpolis.io,Insurance,"Indonesian insurtech distributing micro-insurance through ride-hailing, e-commerce and travel partners; very high volume of small local-currency premiums.",,,Not Contacted,,,,,,Indonesia,ID/VN/TH,~$40M est.,Search: PasarPolis,
Plum (Plum Benefits),plumhq.com,Insurance,Indian employee health insurance and benefits platform sold to companies; recurring per-employee premiums billed to employers.,,,Not Contacted,,,,,,India,India,,Search: Plum (Plum Benefits),
Policybazaar,policybazaar.com,Insurance,"India's largest online insurance aggregator, part of PB Fintech; compares and sells policies from many insurers, high premium payment volume.",,,Not Contacted,,,,,,India,India,"~$500M (FY25, PB Fintech)",Search: Policybazaar,
PolicyPal,policypal.com,Insurance,"Singapore digital insurance broker; app and web platform for comparing, buying and managing personal insurance policies.",,,Not Contacted,,,,,,Singapore,Singapore,,Search: PolicyPal,
Prudential,prudentialplc.com,Insurance,"Life and health insurer focused on Asia and Africa, listed in London and Hong Kong; premiums collected across 20-plus markets.",,,Not Contacted,,,,,,Hong Kong,Hong Kong,,Search: Prudential,
Qoala,qoala.app,Insurance,"Indonesian insurtech selling motor, health and travel cover through agents and digital partners across Southeast Asia.",,,Not Contacted,,,,,,Indonesia,ID/TH/MY,~$50M est.,Search: Qoala,
Rakuten Insurance Japan,rakuten-general.co.jp,Insurance,"Rakuten's general insurance arm in Japan; motor, home and travel policies sold online to Rakuten's member base.",,,Not Contacted,,,,,,Japan,Japan,Part of Rakuten,Search: Rakuten Insurance Japan,
Roojai,roojai.com,Insurance,Thai direct-to-consumer online insurer selling motor and health cover without agents; instalment premiums and local payment methods.,,,Not Contacted,,,,,,Thailand,TH/ID,~$40M est.,Search: Roojai,
Singlife,singlife.com,Insurance,"Singapore insurer owned by Sumitomo Life; life, health and savings products plus a consumer app and cash account.",,,Not Contacted,,,,,,Singapore,Singapore,,Search: Singlife,
Sompo Digital Labs,sompo-holdings.co.jp,Insurance,"Digital innovation arm of Japanese insurance group Sompo Holdings, building new insurance, mobility and nursing-care products.",,,Not Contacted,,,,,,Japan,Japan,,Search: Sompo Digital Labs,
Star Health Insurance,starhealth.in,Insurance,"India's largest standalone health insurer; retail medical policies sold through a very large agent network, renewed annually.",,,Not Contacted,,,,,Juspay,India,,,Search: Star Health Insurance,
Sunday Insurance,sundayins.com,Insurance,Thai insurtech selling motor and health cover direct and through employers; data-driven pricing and instalment premium payments.,,,Not Contacted,,,,,,Thailand,TH/ID,~$50M est.,Search: Sunday Insurance,
Tata AIA Life,tataaia.com,Insurance,"Indian life insurance joint venture of Tata Sons and AIA; protection, savings and unit-linked policies with recurring premiums.",,,Not Contacted,,,,,Juspay,India,,,Search: Tata AIA Life,
Turtlemint,turtlemint.com,Insurance,"Indian insurance distribution platform equipping small-town agents to sell motor, health and life policies digitally; high policy transaction volume.",,,Not Contacted,,,,,,India,India,~$50M est.,Search: Turtlemint,
ZA Tech (ZhongAn),za-tech.co,Insurance,Insurance software arm of Chinese digital insurer ZhongAn; licenses core policy and distribution platforms to insurers across Asia.,,,Not Contacted,,,,,,China/Hong Kong,China/Hong Kong,,Search: ZA Tech (ZhongAn),
Zuno General Insurance,hizuno.com,Insurance,"Indian digital-first general insurer, formerly Edelweiss General; motor, health and travel cover sold direct online.",,,Not Contacted,,,,,Juspay,India,,,Search: Zuno General Insurance,
5paisa,5paisa.com,Investment Platforms,"Indian discount stockbroker offering equity, derivatives and mutual fund investing via app; flat-fee brokerage and high retail order volume.",,,Not Contacted,,,,,Juspay,India,India,~$45M (FY24) — JUSPAY CLIENT,https://www.linkedin.com/company/5paisa,
Aaritya Technologies Private Limited,sahi.com,Investment Platforms,Bengaluru-based SEBI-registered discount broker running the Sahi app for options and stock trading by active Indian traders.,,,Not Contacted,,,,,Juspay,India,,,https://www.linkedin.com/company/aaritya,
Aditya Birla Sun Life,adityabirlacapital.com,Investment Platforms,"Indian asset management and financial services arm of the Aditya Birla group; mutual funds, insurance and lending for retail investors.",,,Not Contacted,,,,,Juspay,India,,,https://www.linkedin.com/company/birla-sun-life-insurance,
Ajaib,ajaib.co.id,Investment Platforms,"Indonesian retail investing app for stocks and mutual funds; low minimums, accounts funded by local bank transfer and e-wallets.",,,Not Contacted,,,,,,Indonesia,Indonesia,~$60M est.,Search: Ajaib,
Angel One,angelone.in,Investment Platforms,"Indian retail brokerage with app-based equity, derivatives and mutual fund trading; millions of clients and very high daily transaction volume.",,,Not Contacted,,,,,,India,India,~$500M (FY25),Search: Angel One,
Aura Gold,auragold.in,Investment Platforms,Indian app for buying and saving in digital gold from very small amounts; frequent low-value recurring purchases.,,,Not Contacted,,,,,Juspay,India,,,https://www.linkedin.com/company/moi-technology-private-limited-aura-gold,
Autowealth,autowealth.sg,Investment Platforms,Singapore robo-advisor building low-cost global ETF portfolios for retail investors; recurring monthly contributions from clients.,,,Not Contacted,,,,,,Singapore,Singapore,,Search: Autowealth,
Axi (AxiTrader),axi.com,Investment Platforms,Australian forex and CFD broker serving retail traders in many countries; frequent multi-currency client deposits and withdrawals.,,,Not Contacted,,,,,,Australia,,,Search: Axi (AxiTrader),
Bibit,bibit.id,Investment Platforms,Indonesian mutual fund investing app with robo-advice for first-time investors; recurring small top-ups over local payment rails.,,,Not Contacted,,,,,,Indonesia,Indonesia,~$50M est.,Search: Bibit,
CITIC Securities,citics.com,Investment Platforms,"China's largest investment bank and brokerage; institutional and retail trading, underwriting and asset management, overwhelmingly onshore.",,,Not Contacted,,,,,,China,CN + HK,~$9B (FY24),Search: CITIC Securities,
CMC Markets,cmcmarkets.com,Investment Platforms,"CFD, forex and share-trading broker with a large Australian retail business; multi-currency client funding and high trade volumes.",,,Not Contacted,,,,,,Australia,Australia,,Search: CMC Markets,
CommSec,commsec.com.au,Investment Platforms,Commonwealth Bank's retail share-trading platform in Australia; domestic and international equities and ETFs for everyday investors.,,,Not Contacted,,,,,,Australia,,Part of CBA,Search: CommSec,
Dhan,dhan.co,Investment Platforms,"Indian discount broker built for active options and equity traders; app-based, flat brokerage, very high order volume.",,,Not Contacted,,,,,Juspay,India,India,,https://www.linkedin.com/company/dhanhq,
Endowus,endowus.com,Investment Platforms,"Singapore and Hong Kong digital wealth platform investing retail, CPF and SRS money into funds at institutional fee terms.",,,Not Contacted,,,,,,Singapore,Singapore,,Search: Endowus,
FP Markets,fpmarkets.com,Investment Platforms,"Australian forex and CFD broker serving retail traders across Asia, Europe and Latin America; multi-currency deposits and withdrawals.",,,Not Contacted,,,,"Skrill, Neteller; cards (Visa, Mastercard), bank wire, cryptocurrency",,Australia,,,Search: FP Markets,
FSMOne,fsmone.com,Investment Platforms,"iFAST's Singapore online investment platform; funds, bonds, stocks and ETFs for retail investors across several Asian markets.",,,Not Contacted,,,,,,Singapore,Singapore,,Search: FSMOne,
Futu Holdings (Moomoo),futuholdings.com,Investment Platforms,"Hong Kong online brokerage behind Futubull and moomoo; retail trading of Hong Kong, US and China stocks across several markets.",,,Not Contacted,,,,,,Hong Kong,HK/SG/AU/JP/MY/US,$676M Q2'25 (+70% YoY),Search: Futu Holdings (Moomoo),
Futu Securities HK,futuhk.com,Investment Platforms,"Futu's Hong Kong brokerage entity; app-based trading of Hong Kong, US and China-listed stocks for retail clients.",,,Not Contacted,,,,,,Hong Kong,Hong Kong,Part of Futu ($676M Q2),Search: Futu Securities HK,
Groww,groww.in,Investment Platforms,"Indian investing app for mutual funds, stocks and derivatives; tens of millions of retail users and very high UPI-funded volume.",,,Not Contacted,,,,,,India,India,~$400M (FY24),Search: Groww,
Gullak,gullak.money,Investment Platforms,"Indian savings app that routes small recurring amounts into digital gold; high-frequency, low-value transactions.",,,Not Contacted,,,,,Juspay,India,,,https://www.linkedin.com/company/gullak-money,
HDFC Securities,hdfcsec.com,Investment Platforms,"Broking arm of HDFC Bank in India; equities, derivatives, mutual funds and IPOs for retail and wealthy clients.",,,Not Contacted,,,,,,India,,,Search: HDFC Securities,
IC Markets,icmarkets.com,Investment Platforms,Australian forex and CFD broker with very large global retail trading volumes; multi-currency deposits from clients worldwide.,,,Not Contacted,,,,,,Australia,,~$500M est. — forex/CFD,Search: IC Markets,
ICICI Direct,icicidirect.com,Investment Platforms,"ICICI Bank's retail broking platform in India; equities, derivatives, mutual funds and IPO applications through bank-linked accounts.",,,Not Contacted,,,,,,India,,,Search: ICICI Direct,
IG Markets Singapore,ig.com,Investment Platforms,"Singapore arm of IG Group; CFDs, forex and share dealing for retail and professional traders in the region.",,,Not Contacted,,,,,,Singapore,Singapore,,Search: IG Markets Singapore,
INDmoney,indmoney.com,Investment Platforms,Indian wealth app that tracks finances and sells Indian and US stock investing; cross-border remittance for US share purchases.,,,Not Contacted,,,,,,India,India,~$40M (FY24),Search: INDmoney,
Interactive Brokers Singapore,interactivebrokers.com.sg,Investment Platforms,"Singapore entity of IBKR; multi-currency global trading in stocks, options, futures and forex for retail and professional clients.",,,Not Contacted,,,,,,Singapore,Singapore,Part of IBKR ~$4.9B,Search: Interactive Brokers Singapore,
Kiwoom Securities,kiwoom.com,Investment Platforms,South Korea's largest retail online brokerage; domestic and overseas stock trading with very high daily order volumes.,,,Not Contacted,,,,,,South Korea,South Korea,~$2B (FY24),Search: Kiwoom Securities,
Kotak Securities,kotaksecurities.com,Investment Platforms,"Broking arm of Kotak Mahindra Bank; equities, derivatives and mutual funds for Indian retail and institutional clients.",,,Not Contacted,,,,,Juspay,India,,,https://www.linkedin.com/company/kotaksecurities,
Longbridge,longbridge.global,Investment Platforms,"Singapore and Hong Kong online brokerage aimed at Chinese-speaking investors; US, HK and Singapore stocks with multi-currency funding.",,,Not Contacted,,,,,,Singapore/Hong Kong,Singapore/Hong Kong,,Search: Longbridge,
Mirae Asset Securities,securities.miraeasset.com,Investment Platforms,"Korean brokerage and investment bank; retail trading, wealth management and overseas operations across Asia and the US.",,,Not Contacted,,,,,,South Korea,KR + Global,~$5B (FY24),Search: Mirae Asset Securities,
Monex Group,monexgroup.jp,Investment Platforms,Japanese online brokerage for retail stock and FX trading; also owns crypto exchange Coincheck and US brokerage operations.,,,Not Contacted,,,,,,Japan,JP + US,~$700M (FY24),Search: Monex Group,
Moomoo (Futu),moomoo.com,Investment Platforms,"Futu's international retail trading app in Singapore, Australia and the US; low-cost stock, ETF and options trading.",,,Not Contacted,,,,,,Singapore/Hong Kong,Singapore/Hong Kong,,Search: Moomoo (Futu),
Nuvama Wealth,nuvama.com,Investment Platforms,"Indian wealth and asset management firm, formerly Edelweiss Wealth; serves wealthy individuals, family offices and institutions.",,,Not Contacted,,,,,Juspay,India,,,https://www.linkedin.com/company/nuvama-wealth,
OctaFX,octafx.com,Investment Platforms,Offshore-registered forex and CFD broker marketing heavily to retail traders in Asia; local payment methods and e-wallet deposits.,,,Not Contacted,,,,,,St. Vincent,,Non-APAC offshore HQ — review,Search: OctaFX,
Paytm Money,paytmmoney.com,Investment Platforms,"Paytm's Indian investment arm; stocks, derivatives, mutual funds and pension products inside the Paytm app, funded via UPI.",,,Not Contacted,,,,,Juspay,India,,,https://www.linkedin.com/company/paytmmoney,
Pepperstone,pepperstone.com,Investment Platforms,"Australian forex and CFD broker serving retail traders in Europe, Asia and the Middle East; multi-currency client deposits.",,,Not Contacted,,,,,,Australia,,~$400M est.,Search: Pepperstone,
PhillipCapital (POEMS),poems.com.sg,Investment Platforms,"Singapore brokerage and financial services group; its POEMS platform trades stocks, futures and funds across many Asian markets.",,,Not Contacted,,,,,,Singapore,SG + Asia,~$500M est.,Search: PhillipCapital (POEMS),
Rakuten Securities,rakuten-sec.co.jp,Investment Platforms,"One of Japan's largest online brokers, part of Rakuten; domestic and US equities, FX and funds for retail investors.",,,Not Contacted,,,,,,Japan,Japan,~$800M (FY24),Search: Rakuten Securities,
Rakuten Trade,rakutentrade.my,Investment Platforms,"Malaysian online equity brokerage, a joint venture of Rakuten and Kenanga; low-cost Bursa Malaysia trading for retail investors.",,,Not Contacted,,,,,,Malaysia,Malaysia,~$20M est.,Search: Rakuten Trade,
Religare Broking,religareonline.com,Investment Platforms,"Indian retail brokerage offering equities, derivatives, currency and commodity trading plus mutual fund distribution.",,,Not Contacted,,,,,Juspay,India,,,Search: Religare Broking,
Saxo Markets,home.saxo,Investment Platforms,"Singapore arm of Danish broker Saxo Bank; multi-asset, multi-currency trading for retail, professional and white-label partner clients.",,,Not Contacted,,,,,,Singapore,SG/AU/HK,Part of Saxo Bank,Search: Saxo Markets,
SBI Securities,sbisec.co.jp,Investment Platforms,"Online brokerage of Japan's SBI Group and one of the country's largest retail platforms for stocks, FX and funds.",,,Not Contacted,,,,,,Japan,Japan,Part of SBI ~$7B,Search: SBI Securities,
SelfWealth,selfwealth.com.au,Investment Platforms,Australian flat-fee share trading platform for retail investors; ASX and US equities with a fixed per-trade price.,,,Not Contacted,,,,,,Australia,Australia,~$25M (acquired by Svava/Bell),Search: SelfWealth,
Sharekhan,sharekhan.com,Investment Platforms,"Indian retail brokerage owned by Mirae Asset; equities, derivatives and mutual funds sold via branches, franchisees and app.",,,Not Contacted,,,,,,India,,,Search: Sharekhan,
Sharesies,sharesies.nz,Investment Platforms,"New Zealand and Australian micro-investing platform; fractional shares in NZ, Australian and US markets funded by small frequent top-ups.",,,Not Contacted,,,,,,New Zealand,NZ/AU,~$40M est.,Search: Sharesies,
Sharesight,sharesight.com,Investment Platforms,New Zealand portfolio tracking and tax reporting software for investors and advisers; subscription SaaS sold in many countries.,,,Not Contacted,,,,,,New Zealand,NZ + Global,~$15M est.,Search: Sharesight,
smallcase,smallcase.com,Investment Platforms,Indian platform selling curated baskets of stocks and ETFs through broker integrations; subscription fees for model portfolios.,,,Not Contacted,,,,,Juspay,India,India,,Search: smallcase,
Spare8,spare8.com,Investment Platforms,"Indian app that automatically saves spare change into digital gold; very high-frequency, low-value transactions.",,,Not Contacted,,,,,Juspay,India,,,Search: Spare8,
Stake (Australia),hellostake.com,Investment Platforms,"Australian brokerage for US and ASX share trading; retail accounts funded in Australian and US dollars, cross-border settlement.",,,Not Contacted,,,,,,Australia,Australia,,Search: Stake (Australia),
StashAway,stashaway.com,Investment Platforms,"Singapore robo-advisor managing ETF portfolios for retail and accredited clients across Singapore, Malaysia, Hong Kong and the UAE.",,,Not Contacted,,,,,,Singapore,Singapore,,Search: StashAway,
StockBit,stockbit.com,Investment Platforms,"Indonesian stock trading app with a social investing community; sister product to Bibit, retail trading on the Indonesian exchange.",,,Not Contacted,,,,,,Indonesia,Indonesia,Part of Bibit group,Search: StockBit,
Superhero,superhero.com.au,Investment Platforms,"Australian low-cost trading app for ASX and US shares, ETFs and superannuation; flat brokerage aimed at younger investors.",,,Not Contacted,,,,,,Australia,Australia,~$20M est.,Search: Superhero,
Syfe,syfe.com,Investment Platforms,"Singapore digital wealth platform offering managed portfolios, cash accounts and brokerage; recurring retail contributions across several Asian markets.",,,Not Contacted,,,,,,Singapore,Singapore,,Search: Syfe,
Tickertape (smallcase),tickertape.in,Investment Platforms,smallcase's Indian stock research and screening tool; freemium with recurring subscription plans for retail investors.,,,Not Contacted,,,,,Juspay,India,,,Search: Tickertape (smallcase),
Tiger Brokers (Up Fintech),itiger.com,Investment Platforms,"Singapore-headquartered online brokerage for Asian retail investors; US, Hong Kong, Singapore and China stocks in multi-currency accounts.",,,Not Contacted,,,,,,Singapore,SG/AU/NZ/MY,~$400M (FY24),Search: Tiger Brokers (Up Fintech),
Trading212,trading212.com,Investment Platforms,"UK-based commission-free stock, ETF and CFD trading app used widely across Europe; multi-currency accounts and card funding.",,,Not Contacted,,,,"cards (Visa, Visa Electron, Mastercard, Maestro), Apple Pay, Google Pay, bank wire, open banking",,,,,Search: Trading212,
Univest,univest.in,Investment Platforms,Indian stock advisory and investing app with SEBI-registered research; subscription advisory plans sold alongside broking.,,,Not Contacted,,,,,Juspay,India,,,Search: Univest,
Upstox,upstox.com,Investment Platforms,"Indian discount broker with app-based equity, derivatives and mutual fund investing; millions of users and high daily order volume.",,,Not Contacted,,,,,Juspay,India,India,~$120M (FY24) — JUSPAY CLIENT,Search: Upstox,
uSMART Securities,usmartsecurities.com,Investment Platforms,"Hong Kong online brokerage app for retail investors trading Hong Kong, US and China shares; multi-currency accounts.",,,Not Contacted,,,,,,Hong Kong,HK/SG,~$30M est.,Search: uSMART Securities,
Vantage (Vantage FX),vantagemarkets.com,Investment Platforms,"Australian forex and CFD broker serving retail traders across Asia, Latin America and Europe; local deposit methods widely used.",,,Not Contacted,,,,"cards (Visa, Mastercard), PayPal, BPAY, Australian bank transfer, PayID, Apple Pay, Google Pay",,Australia,,,Search: Vantage (Vantage FX),
Webull Singapore,webull.com.sg,Investment Platforms,"Singapore arm of Webull; app-based trading of US, Hong Kong and Singapore stocks, options and ETFs for retail clients.",,,Not Contacted,,,,,,Singapore,Singapore,Part of Webull global,Search: Webull Singapore,
Zero Securities,zerosecurities.com,Investment Platforms,"Australian licensed broker behind the ZERO Markets brand; forex, CFD and international share trading for retail clients.",,,Not Contacted,,,,,,Australia,,,Search: Zero Securities,
Zerodha,zerodha.com,Investment Platforms,"India's largest retail stockbroker; Kite app for equities and derivatives, flat-fee brokerage, very high daily trade volumes.",,,Not Contacted,,,,,,India,India,~$1B (FY24),Search: Zerodha,
Branch International,branch.co.in,Lending & Credit,Mobile lending app offering small unsecured loans in India and Africa; disbursements and repayments run over local payment rails.,,,Not Contacted,,,,,Juspay,India,,,https://www.linkedin.com/company/branch-co,
CRED,cred.club,Lending & Credit,App for Indian high-credit-score consumers to pay credit card bills and earn rewards; also offers loans and UPI payments.,,,Not Contacted,,,,,Juspay,India,,,https://www.linkedin.com/company/credapp,
CreditMantri,creditmantri.com,Lending & Credit,Indian credit score checking and loan marketplace matching retail consumers to banks and NBFCs for personal loans and cards.,,,Not Contacted,,,,,Juspay,India,,,https://www.linkedin.com/company/creditmantri-finserve-private-limited,
CTOS,ctoscredit.com.my,Lending & Credit,"Malaysia's main credit bureau; sells credit reports and scoring to banks, businesses and consumers, with subscription credit-monitoring plans.",,,Not Contacted,,,,,,Malaysia,,,Search: CTOS,
IIFL Home Finance,iiflhomeloans.com,Lending & Credit,Indian housing finance company lending to affordable-segment home buyers and small builders; branch-led collections across many Indian states.,,,Not Contacted,,,,,Juspay,India,,,https://www.linkedin.com/company/iifl-home-loans,
InCred,incred.com,Lending & Credit,"Indian NBFC lending to consumers, students and small businesses; digital origination, with a wealth and capital-markets arm alongside.",,,Not Contacted,,,,,Juspay,India,,,https://www.linkedin.com/company/incredfinancialservices,
Kissht,kissht.com,Lending & Credit,Indian digital lending app offering personal loans and EMI or pay-later financing; high volume of small-ticket disbursals and repayments.,,,Not Contacted,,,,,Juspay,India,,,https://www.linkedin.com/company/kissht,
Krungthai Card PCL,ktc.co.th,Lending & Credit,"Thai credit card and personal loan issuer listed in Bangkok, part of Krungthai Bank; millions of cardholder transactions monthly.",,,Not Contacted,,,,,,Thailand,,,Search: Krungthai Card PCL,
L&T Finance,ltfs.com,Lending & Credit,"Indian NBFC lending for two-wheelers, tractors, microfinance and home loans; large rural book with heavy cash-based collections.",,,Not Contacted,,,,,Juspay,India,,,https://www.linkedin.com/company/lntfinance,
LazyPay (PayU),lazypay.in,Lending & Credit,PayU India's buy-now-pay-later and personal loan brand; one-tap credit embedded in Indian merchant and app checkouts.,,,Not Contacted,,,,,Juspay,India,,,https://www.linkedin.com/company/lazypay,
LenDenClub,lendenclub.com,Lending & Credit,Indian peer-to-peer lending platform matching retail investors with small personal-loan borrowers; high-frequency small disbursals and repayment collections.,,,Not Contacted,,,,,Juspay,India,,,https://www.linkedin.com/company/lenden-club,
Moneyview,moneyview.in,Lending & Credit,"Indian app offering personal loans, credit lines and money tracking to salaried consumers; fully digital origination and repayments.",,,Not Contacted,,,,,Juspay,India,,,https://www.linkedin.com/company/money-view,
mPokket,mpokket.com,Lending & Credit,Indian app giving small instant loans to college students and young salaried workers; very high volume of micro-disbursals.,,,Not Contacted,,,,,Juspay,India,,,https://www.linkedin.com/company/mpokket,
Navi,navi.com,Lending & Credit,"Sachin Bansal's Indian fintech offering personal and home loans, health insurance, mutual funds and a UPI payments app.",,,Not Contacted,,,,,Juspay,India,,,https://www.linkedin.com/company/go-navi,
OneCard (FPL Technologies),getonecard.app,Lending & Credit,"Indian mobile-first credit card issued with partner banks, plus the OneScore credit-score app; card spend volume is the core.",,,Not Contacted,,,,,Juspay,India,,,https://www.linkedin.com/company/fpltech,
Ring (Kissht),ring.co.in,Lending & Credit,"Consumer credit app from Kissht offering personal loans, EMI limits and pay-later credit to Indian shoppers online and in stores.",,,Not Contacted,,,,,Juspay,India,,,Search: Ring (Kissht),
Sixdis Technologies Private Limited,oolka.in,Lending & Credit,"Runs Oolka, an Indian app for free credit scores and bureau report monitoring, with loan and card recommendations.",,,Not Contacted,,,,,Juspay,India,,,Search: Sixdis Technologies Private Limited,
Slice,sliceit.com,Lending & Credit,"Indian consumer fintech offering a card, UPI payments and small credit lines to young users; now merged into a small finance bank.",,,Not Contacted,,,,,Juspay,India,,,Search: Slice,
super.money (PhonePe),super.money,Lending & Credit,PhonePe's separate app combining UPI payments with credit lines and card offers for Indian consumers; very high UPI transaction volume.,,,Not Contacted,,,,,Juspay,India,,,Search: super.money (PhonePe),
TrueCredits,truecredits.in,Lending & Credit,Indian digital lending platform originating small-ticket personal loans with NBFC partners; app-based disbursal and repayment collection.,,,Not Contacted,,,,,Juspay,India,,,Search: TrueCredits,
StuCred,stucred.com,Lending & Credit,"Indian app lending small instant advances to college students, run by Kreon Finnancial Services; high-frequency micro-ticket disbursals and repayments.",,,Not Contacted,,,,,,India,India,,https://www.linkedin.com/company/stucred-kfsl,
Vivifi India Finance,vivifin.com,Lending & Credit,Hyderabad RBI-registered NBFC lending to salaried and self-employed borrowers through FlexSalary and FlexPay; domestic recurring repayment collections.,,,Not Contacted,,,,,,India,India,,https://www.linkedin.com/company/vivifi-india,
Aditya Birla Fashion & Retail,abfrl.com,Luxury Goods & Fashion,"India's largest branded apparel company; owns Louis Philippe, Van Heusen, Allen Solly and Pantaloons across thousands of stores and online.",,,Not Contacted,,,,,Juspay,India,,,https://www.linkedin.com/company/abfrl,
AJIO (Reliance Retail),ajio.com,Luxury Goods & Fashion,Reliance Retail's online fashion marketplace in India; multi-seller catalogue with seller payouts and very high domestic order volume.,,,Not Contacted,,,,,Juspay,India,,,Search: AJIO (Reliance Retail),
Anta Sports,anta.com,Luxury Goods & Fashion,"Chinese sportswear group behind Anta and Fila China, plus Descente and a stake in Amer Sports; mainly domestic retail and e-commerce.",,,Not Contacted,,,,,,China,CN + Global,~$9.7B (FY24),Search: Anta Sports,
ASICS Corporation,asics.com,Luxury Goods & Fashion,"Japanese running shoe and sportswear maker selling worldwide through wholesale, own stores and e-commerce across dozens of currencies.",,,Not Contacted,,,,,,Japan,,~$4.5B (FY24),Search: ASICS Corporation,
Bewakoof,bewakoof.com,Luxury Goods & Fashion,"Indian online casual apparel brand known for graphic tees and licensed merch; D2C site plus marketplaces, domestic and cash-on-delivery heavy.",,,Not Contacted,,,,,Juspay,India,,,https://www.linkedin.com/company/bewakoof,
BHPC Asia (Beverly Hills Polo Club),bhpc.com,Luxury Goods & Fashion,Hong Kong-based licensee selling Beverly Hills Polo Club apparel and accessories across Asia and the Middle East; multi-country retail.,,,Not Contacted,,,,,,Hong Kong,Hong Kong,,Search: BHPC Asia (Beverly Hills Polo Club),
Billabong,billabong.com,Luxury Goods & Fashion,"Australian surfwear brand under the Boardriders group; wholesale, own stores and online across Australia, Europe and North America.",,,Not Contacted,,,,,,Australia,,Part of Boardriders,Search: Billabong,
Bluebell Group,bluebellgroup.com,Luxury Goods & Fashion,"Hong Kong distributor and retail operator for European luxury, beauty and fashion brands across Asian markets; multi-country selling and settlement.",,,Not Contacted,,,,,,Hong Kong,HK + Asia,~$2B est.,Search: Bluebell Group,
BlueStone,bluestone.com,Luxury Goods & Fashion,Indian omnichannel fine jewellery brand selling online and through its own stores; high ticket sizes on gold and diamond pieces.,,,Not Contacted,,,,,Juspay,India,,,https://www.linkedin.com/company/bluestone-com,
Caprese (VIP Industries),capresebags.com,Luxury Goods & Fashion,"Women's handbag and accessories brand from Indian luggage maker VIP Industries; sold via retail, department stores and online in India.",,,Not Contacted,,,,,Juspay,India,,,https://www.linkedin.com/company/capresegirl,
CaratLane (Titan),caratlane.com,Luxury Goods & Fashion,Titan-owned Indian jewellery brand selling everyday diamond and gold pieces online and through hundreds of stores.,,,Not Contacted,,,,,Juspay,India,,,https://www.linkedin.com/company/caratlane-trading-pvt--ltd,
Cettire,cettire.com,Luxury Goods & Fashion,"ASX-listed online luxury fashion retailer shipping designer goods worldwide from European suppliers; cross-border orders in many currencies, with duties handling.",,,Not Contacted,,,,,,Australia,,"~$750M (FY24, ASX: CTT)",Search: Cettire,
Charles & Keith,charleskeith.com,Luxury Goods & Fashion,Singapore footwear and handbag brand with stores across Asia and the Middle East plus e-commerce in multiple currencies.,,,Not Contacted,,,,,,Malaysia,,~$800M est. (private),Search: Charles & Keith,
Chow Tai Fook,chowtaifook.com,Luxury Goods & Fashion,"Hong Kong gold and diamond jewellery retailer with thousands of stores across mainland China, Hong Kong and Southeast Asia.",,,Not Contacted,,,,,,Hong Kong,CN/HK + Asia,~$14B (FY24/25),Search: Chow Tai Fook,
Cider,cider.com,Luxury Goods & Fashion,Hong Kong-based online fast-fashion brand for young women; sells cross-border to the US and Europe through app and social channels.,,,Not Contacted,,,,,,Hong Kong,Global (SG/CN),~$500M est.,Search: Cider,
Club21,club21.com,Luxury Goods & Fashion,"Singapore multi-brand luxury retailer and distributor running designer boutiques across Southeast Asia, Hong Kong and Australia.",,,Not Contacted,,,,,,Singapore,,,Search: Club21,
Cortina Watch,cortinawatch.com,Luxury Goods & Fashion,"Singapore luxury watch retailer and distributor with boutiques in Singapore, Malaysia, Thailand and Hong Kong; very high average ticket sizes.",,,Not Contacted,,,,,,Singapore,SG/MY/TH/HK,~$600M (FY24/25),Search: Cortina Watch,
Cupshe,cupshe.com,Luxury Goods & Fashion,Online swimwear and beachwear brand selling cross-border to US and European shoppers via its own site and Amazon; highly seasonal.,,,Not Contacted,,,,,,Singapore,,,Search: Cupshe,
Editorialist,editorialist.com,Luxury Goods & Fashion,US luxury fashion and beauty publisher with an e-commerce shop and personal-styling service for high-spending clients; large basket sizes.,,,Not Contacted,,,,,,,,,Search: Editorialist,
Farfetch,farfetch.com,Luxury Goods & Fashion,"Global online luxury fashion marketplace connecting boutiques and brands to shoppers worldwide; cross-border payouts to sellers, now owned by Coupang.",,,Not Contacted,,,,,,,,,Search: Farfetch,
Fashion Valet,fashionvalet.com,Luxury Goods & Fashion,"Malaysian online modest-fashion retailer and owner of the dUCk and Lilit brands; sells across Malaysia, Singapore and Brunei.",,,Not Contacted,,,,,,Australia,,~$20M est. (MY,Search: Fashion Valet,
GIVA,giva.co,Luxury Goods & Fashion,"Indian D2C silver and demi-fine jewellery brand; online plus a growing store network, high order volume at modest ticket sizes.",,,Not Contacted,,,,,Juspay,India,,,https://www.linkedin.com/company/giva-co,
Halara,thehalara.com,Luxury Goods & Fashion,"Online activewear and athleisure brand selling cross-border, mainly to US shoppers, through its own site and app; social-driven demand.",,,Not Contacted,,,,,,Australia,Global (CN/SG),~$500M est.,Search: Halara,
High Fashion Group,highfashion.com.hk,Luxury Goods & Fashion,Hong Kong-listed textile and garment manufacturer making silk fabrics and apparel for international brands; B2B export sales.,,,Not Contacted,,,,,,Hong Kong,,,Search: High Fashion Group,
Hypebeast (HBX),hbx.com,Luxury Goods & Fashion,"Hong Kong streetwear media company Hypebeast and its HBX online store, selling designer and streetwear labels internationally.",,,Not Contacted,,,,,,Hong Kong,,,Search: Hypebeast (HBX),
I.T Group,ithk.com,Luxury Goods & Fashion,Hong Kong multi-brand fashion retailer and distributor running stores across Hong Kong and mainland China with own and licensed labels.,,,Not Contacted,,,,,,Hong Kong,HK/CN + JP,~$1B (FY24),Search: I.T Group,
iprice Group,iprice.sg,Luxury Goods & Fashion,Malaysia-based shopping price-comparison and coupon aggregator for Southeast Asian e-commerce; earns affiliate fees from merchants across several markets.,,,Not Contacted,,,,,,Malaysia,MY/SEA,~$15M est.,Search: iprice Group,
Lane Crawford,lanecrawford.com,Luxury Goods & Fashion,Hong Kong luxury department store chain with stores in Hong Kong and mainland China plus online; high average transaction values.,,,Not Contacted,,,,,,Hong Kong,HK/CN,~$500M est.,Search: Lane Crawford,
Li-Ning,lining.com,Luxury Goods & Fashion,Chinese sportswear brand selling footwear and apparel through franchised and own stores plus Tmall and JD; predominantly domestic China.,,,Not Contacted,,,,,,China,CN + intl,~$4B (FY24),Search: Li-Ning,
Love Bonito,lovebonito.com,Luxury Goods & Fashion,"Singapore womenswear brand selling online and through stores across Southeast Asia, Hong Kong and the US; multi-currency cross-border checkout.",,,Not Contacted,,,,,,,SEA + intl,~$150M est.,Search: Love Bonito,
MatchesFashion,matchesfashion.com,Luxury Goods & Fashion,UK online luxury fashion retailer selling designer brands worldwide; entered administration in 2024 with the brand bought by Frasers Group.,,,Not Contacted,,,,,,,,,Search: MatchesFashion,
Mytheresa,mytheresa.com,Luxury Goods & Fashion,"German online luxury fashion retailer shipping to over 100 countries; cross-border and multi-currency, and now owner of Net-a-Porter and Yoox.",,,Not Contacted,,,,"cards (Visa, Mastercard, Amex, Diners Club, UnionPay, Discover), PayPal",,,,,Search: Mytheresa,
Naiise (SEA design/lifestyle),naiise.com,Luxury Goods & Fashion,Singapore design and lifestyle retailer selling independent designers' products online and in stores as a multi-vendor marketplace; operations wound down.,,,Not Contacted,,,,,,Singapore,Singapore,,Search: Naiise (SEA design/lifestyle),
Newme,newme.asia,Luxury Goods & Fashion,"Bengaluru-based Indian fast-fashion brand for young women; app and website plus a fast-growing store network, high domestic order volume.",,,Not Contacted,,,,,Juspay,India,,,https://www.linkedin.com/company/newmein,
Nuwaara,nuwaara.com,Luxury Goods & Fashion,"Small Indian women's ethnic and ready-to-wear clothing label selling direct through its own online store; limited scale, domestic customers.",,,Not Contacted,,,,,Juspay,India,,,Search: Nuwaara,
P.E Nation,pe-nation.com,Luxury Goods & Fashion,"Australian athleisure and activewear label sold through its own site, wholesale and stockists in Australia, the US and Europe.",,,Not Contacted,,,,,,Australia,,~$30M est.,Search: P.E Nation,
Padini,padini.com,Luxury Goods & Fashion,"Malaysian apparel and footwear retailer behind Padini, Vincci and Brands Outlet; hundreds of stores in Malaysia and neighbouring markets.",,,Not Contacted,,,,,,Malaysia,,,Search: Padini,
Pedro,pedroshoes.com,Luxury Goods & Fashion,Charles & Keith group's footwear and accessories brand for men and women; stores and e-commerce across Asia and the Middle East.,,,Not Contacted,,,,,,Singapore,SG + Global,Part of Charles & Keith group,Search: Pedro,
Pomelo Fashion,pomelofashion.com,Luxury Goods & Fashion,"Bangkok-based online fashion brand selling across Southeast Asia; omnichannel pickup and try-before-buy, heavy reliance on local payment methods.",,,Not Contacted,,,,,,Thailand,Thailand,,Search: Pomelo Fashion,
Reject Shop Luxury,therejectshop.com.au,Luxury Goods & Fashion,"Australian discount variety chain selling low-priced homewares, snacks and consumables through hundreds of stores; very high in-store transaction counts.",,,Not Contacted,,,,,,Australia,Australia,,Search: Reject Shop Luxury,
Rip Curl,ripcurl.com,Luxury Goods & Fashion,"Australian surfwear and wetsuit brand owned by KMD Brands; stores, wholesale and online across Australia, Europe and North America.",,,Not Contacted,,,,,,Australia,,Part of KMD Brands,Search: Rip Curl,
Scanlan Theodore,scanlantheodore.com,Luxury Goods & Fashion,Australian premium womenswear label with boutiques in Australia and the United States plus online sales; high average order values.,,,Not Contacted,,,,,,Australia,,~$50M est.,Search: Scanlan Theodore,
Shein,shein.com,Luxury Goods & Fashion,Global online fast-fashion retailer shipping mostly from China to shoppers worldwide; enormous order volume across many currencies and local payment methods.,,,Not Contacted,,,,,Juspay,Singapore,,~$38B est. (FY24),Search: Shein,
SSENSE,ssense.com,Luxury Goods & Fashion,Montreal-based online luxury and streetwear retailer shipping worldwide; cross-border orders in multiple currencies with duties and returns handling.,,,Not Contacted,,,,"Stripe, Worldpay, Fiserv (PayEezy/First Data), PayPal, Klarna; cards",,,,,Search: SSENSE,
Style Theory,styletheory.co,Luxury Goods & Fashion,Singapore fashion and handbag rental service; membership plans mean recurring subscription billing across Singapore and Indonesia.,,,Not Contacted,,,,,,Singapore,SG/ID,~$20M est.,Search: Style Theory,
Tanishq (Titan),tanishq.co.in,Luxury Goods & Fashion,"Titan's Indian jewellery chain selling gold and diamond ornaments through hundreds of stores and online; very high ticket values, gold-savings schemes.",,,Not Contacted,,,,,Juspay,India,,,Search: Tanishq (Titan),
THE ICONIC,theiconic.com.au,Luxury Goods & Fashion,"Australia and New Zealand's largest online fashion and sportswear retailer, part of Global Fashion Group; marketplace sellers alongside owned stock.",,,Not Contacted,,,,,,Australia,Australia,,Search: THE ICONIC,
The Souled Store,thesouledstore.com,Luxury Goods & Fashion,"Indian D2C apparel brand selling licensed pop-culture tees and merchandise online and through stores; high order volume, cash-on-delivery common.",,,Not Contacted,,,,,Juspay,India,,,Search: The Souled Store,
Trendz Jewellery,trendzjewellery.com,Luxury Goods & Fashion,"Indian online seller of low-priced imitation and fashion jewellery, based in Rajkot; small-ticket domestic orders in high volume.",,,Not Contacted,,,,,Juspay,India,,,Search: Trendz Jewellery,
Valiram,valiram.com,Luxury Goods & Fashion,"Malaysian retail group operating luxury, beauty and food brand stores across Southeast Asia and Australia; multi-country, multi-currency store sales.",,,Not Contacted,,,,,,Malaysia,,,Search: Valiram,
Zivame,zivame.com,Luxury Goods & Fashion,"Indian online lingerie and intimatewear retailer, now part of Reliance Retail; D2C site plus stores, high domestic order volume.",,,Not Contacted,,,,,Juspay,India,,,Search: Zivame,
Zozo,zozo.com,Luxury Goods & Fashion,"Japanese operator of the ZOZOTOWN fashion marketplace; consignment and marketplace model with payouts to hundreds of brands, almost entirely domestic.",,,Not Contacted,,,,,,Australia,,~$1.3B (JP,Search: Zozo,
细刻 StyleWe,stylewe.com,Luxury Goods & Fashion,China-based online fashion retailer selling designer-style womenswear cross-border to US and European shoppers; multi-currency direct-to-consumer checkout.,,,Not Contacted,,,,,,China,,,Search: 细刻 StyleWe,
Anywheel,anywheel.sg,Mobility & Ridesharing,Singapore dockless bicycle sharing operator; app-based per-ride fares and passes generate very high volumes of tiny transactions.,,,Not Contacted,,,,,,Singapore,Singapore,~$10M est.,Search: Anywheel,
Beam,ridebeam.com,Mobility & Ridesharing,"Singapore-based shared e-scooter and e-bike operator across Australia, New Zealand, Korea and Southeast Asia; micro-payments per ride in many currencies.",,,Not Contacted,,,,,,Singapore,,~$100M est.,Search: Beam,
Bharat Taxi,bharattaxi.com,Mobility & Ridesharing,Indian online cab booking service for local and outstation taxi hire; driver network with both cash and online fare collection.,,,Not Contacted,,,,,Juspay,India,,,https://www.linkedin.com/company/bharattaxi,
BlackBuck (Zinka Logistics),blackbuck.com,Mobility & Ridesharing,"Indian online trucking marketplace connecting shippers with truckers; also sells fuel cards, FASTag tolls and telematics, driving large payment volumes.",,,Not Contacted,,,,,Juspay,India,,,https://www.linkedin.com/company/blackbuck,
Bykea,bykea.com,Mobility & Ridesharing,"Pakistani motorbike ride-hailing, parcel delivery and cash-collection app; rides are heavily cash-based with agent-driven wallet top-ups.",,,Not Contacted,,,,,,Pakistan,Pakistan,~$30M est.,Search: Bykea,
Didi,didiglobal.com,Mobility & Ridesharing,"Chinese ride-hailing giant, also large in Brazil and Mexico; enormous daily trip volume with driver payouts in several currencies.",,,Not Contacted,,,,,In-house Routing,China,CN + LATAM/APAC,~$29B (FY24),Search: Didi,
Kakao Mobility,kakaomobility.com,Mobility & Ridesharing,"Korean operator of the Kakao T app for taxis, chauffeurs, parking and bike rental; very high domestic trip and payment volume.",,,Not Contacted,,,,,,South Korea,South Korea,,Search: Kakao Mobility,
Maxim,taximaxim.com,Mobility & Ridesharing,"Ride-hailing and delivery app operating in Southeast Asia, Russia and other emerging markets; largely cash fares plus local payment methods.",,,Not Contacted,,,,,,Singapore,Singapore,,Search: Maxim,
Meru Cabs,merucabs.com,Mobility & Ridesharing,Indian metered taxi and cab-hire operator owned by Mahindra; airport transfers and corporate accounts alongside app bookings.,,,Not Contacted,,,,,,India,India,~$30M est.,Search: Meru Cabs,
MYBYK,mybyk.in,Mobility & Ridesharing,Indian public bicycle sharing operator running dock-based cycle rental in Ahmedabad and other cities; small subscription and per-ride payments.,,,Not Contacted,,,,,Juspay,India,,,https://www.linkedin.com/company/mybyk,
Namma Yatri,nammayatri.in,Mobility & Ridesharing,"Indian zero-commission auto-rickshaw and cab hailing app built on the ONDC Beckn network; drivers keep fares, paying subscriptions instead.",,,Not Contacted,,,,,Juspay,India,,,https://www.linkedin.com/company/nammayatri,
Neuron Mobility,rideneuron.com,Mobility & Ridesharing,"Singapore-based shared e-scooter operator running city rental fleets in Australia, New Zealand, the United Kingdom and Canada; per-ride and pass payments.",,,Not Contacted,,,,,,Singapore,AU/NZ/UK/CA (SG HQ),~$50M est.,Search: Neuron Mobility,
Odisha Yatri,odishayatri.in,Mobility & Ridesharing,"Ride-hailing app for autos and cabs in Odisha, India; open-network, low-commission model with UPI-heavy domestic payments.",,,Not Contacted,,,,,Juspay,India,,,Search: Odisha Yatri,
Ola,olacabs.com,Mobility & Ridesharing,"Indian ride-hailing app for cabs, autos and bikes; very high daily domestic trip volume paid mostly by UPI.",,,Not Contacted,,,,,Juspay,India,India,$632M,https://www.linkedin.com/company/olacabs-com,
Pathao,pathao.com,Mobility & Ridesharing,"Bangladeshi app for ride-hailing, food delivery and parcel courier; also runs a digital wallet, heavy cash reliance.",,,Not Contacted,,,,,,Bangladesh,Bangladesh + Nepal,$50M,Search: Pathao,
Porter,porter.in,Mobility & Ridesharing,Indian intra-city logistics marketplace matching businesses and consumers with mini-trucks and two-wheelers; high-frequency domestic transactions.,,,Not Contacted,,,,,Juspay,India,,,https://www.linkedin.com/company/theporter-in,
Rapido,rapido.bike,Mobility & Ridesharing,"Indian bike-taxi, auto and cab aggregator; enormous volume of small-ticket domestic rides paid by UPI or cash.",,,Not Contacted,,,,,Juspay,India,,,Search: Rapido,
Ryde,rydesharing.com,Mobility & Ridesharing,Singapore ride-hailing and carpooling app that also does parcel delivery; small listed operator competing with Grab.,,,Not Contacted,,,,,,Singapore,Singapore,~$20M (SGX-listed),Search: Ryde,
Shoffr,shoffr.in,Mobility & Ridesharing,"Bengaluru premium chauffeur service using electric cars for airport transfers and outstation trips; pre-booked, domestic only.",,,Not Contacted,,,,,Juspay,India,,,Search: Shoffr,
Snap E Cabs,snapecabs.com,Mobility & Ridesharing,Kolkata ride-hailing operator running its own all-electric cab fleet; domestic rides paid by cash and UPI.,,,Not Contacted,,,,,Juspay,India,,,Search: Snap E Cabs,
TADA,tada.global,Mobility & Ridesharing,Singapore ride-hailing app from MVL with a zero-commission driver model; operates across several Southeast Asian markets in local currencies.,,,Not Contacted,,,,,,Singapore,SG/KH/VN/TH,~$50M est. (MVL),Search: TADA,
Yatri Sathi,yatrisathi.in,Mobility & Ridesharing,"West Bengal government-backed ride-hailing app for cabs and autos in Kolkata; open-network, low commission, domestic payments only.",,,Not Contacted,,,,,Juspay,India,,,Search: Yatri Sathi,
Yulu Bikes,yulu.bike,Mobility & Ridesharing,Indian shared electric two-wheeler rental service in major cities; pay-per-use micro-payments at very high transaction counts.,,,Not Contacted,,,,,,India,India,~$30M est.,Search: Yulu Bikes,
Amway Malaysia,amway.my,Network & Direct Sales,"Malaysian arm of Amway selling nutrition, beauty and home products through distributors; recurring reorders plus distributor commission payouts.",,,Not Contacted,,,,,,Malaysia,,,Search: Amway Malaysia,
Assuran,assuran.co.jp,Network & Direct Sales,"Japanese direct-selling cosmetics company; skincare and cleansing products sold to consumers through a distributor network, mainly domestic.",,,Not Contacted,,,,,,Japan,,,Search: Assuran,
"ATOMY Co., Ltd.",atomy.com,Network & Direct Sales,"Korean direct seller of supplements, skincare and household goods; operates in 20-plus countries with cross-border distributor commission payouts.",,,Not Contacted,,,,,,South Korea,,~$1.5B est.,"Search: ATOMY Co., Ltd.",
BearCere’Ju,bearcereju.co.jp,Network & Direct Sales,"Japanese direct-selling company, branded Belceleage, selling skincare and health supplements through distributors; largely domestic consumer sales.",,,Not Contacted,,,,,,Japan,,,Search: BearCere’Ju,
Best World Lifestyle,bestworld.com.sg,Network & Direct Sales,"Singapore direct seller of nutrition and skincare products; most revenue comes from China and Taiwan, so cross-border settlement matters.",,,Not Contacted,,,,,,Singapore,,~$400M (FY24),Search: Best World Lifestyle,
Coway,coway.com,Network & Direct Sales,Korean maker of water and air purifiers sold mainly on monthly rental subscriptions; large recurring billing base in Korea and Malaysia.,,,Not Contacted,,,,,,South Korea,,~$3.2B (FY24),Search: Coway,
FORDAYS,fordays.jp,Network & Direct Sales,Japanese direct-selling company selling nucleic-acid health drinks and supplements; repeat consumer reorders through a member network.,,,Not Contacted,,,,,,Japan,,,Search: FORDAYS,
Giffarine Skyline Unity,giffarine.com,Network & Direct Sales,"Thai direct seller that manufactures its own cosmetics, supplements and household products, sold to consumers through member distributors.",,,Not Contacted,,,,,,Thailand,,~$150M est.,Search: Giffarine Skyline Unity,
MARUKO,maruko.com,Network & Direct Sales,Japanese maker of body-shaping foundation garments sold via in-store fittings and sales staff; high-ticket domestic purchases.,,,Not Contacted,,,,,,Japan,,,Search: MARUKO,
MIKI,mikiprune.co.jp,Network & Direct Sales,Japanese direct-selling company selling prune-based health foods and supplements to consumers through distributors; domestic focus.,,,Not Contacted,,,,,,Japan,,,Search: MIKI,
Naturally Plus,naturally-plus.com,Network & Direct Sales,Japanese direct seller of supplements and related health products; distributor network spanning Asia and North America.,,,Not Contacted,,,,,,Japan,,,Search: Naturally Plus,
Noevir,noevir.co.jp,Network & Direct Sales,"Japanese cosmetics and skincare maker selling through door-to-door sales agents and salons; mostly domestic, with recurring reorders.",,,Not Contacted,,,,,,Japan,,~$500M (FY24),Search: Noevir,
POLA,pola.co.jp,Network & Direct Sales,"Japanese premium skincare brand within Pola Orbis; sold via direct-sales consultants, own stores and counters, mainly Japan and China.",,,Not Contacted,,,,,,Japan,,Part of Pola Orbis ~$1.4B,Search: POLA,
Pro-Partner,pro-partner.com.tw,Network & Direct Sales,"Taiwanese direct-selling company, known as UVACO, selling health foods, probiotics and supplements through a large member network.",,,Not Contacted,,,,,,Taiwan,,,Search: Pro-Partner,
TENLEAD Biotech,tenlead.com,Network & Direct Sales,Taiwanese direct-selling biotech selling skincare and health supplements; distributor network extending into Malaysia and other Asian markets.,,,Not Contacted,,,,,,Taiwan,,,Search: TENLEAD Biotech,
Vestige Marketing,myvestige.com,Network & Direct Sales,Indian direct-selling company for health supplements and personal care; large distributor base with commission payouts across India.,,,Not Contacted,,,,,,India,,~$300M est.,Search: Vestige Marketing,
11Street,11st.co.kr,Online Marketplaces,"Korean open marketplace for general merchandise, owned by SK Square; third-party sellers with domestic settlements and payouts.",,,Not Contacted,,,,,,South Korea,South Korea,~$600M (FY24),Search: 11Street,
Alibaba,alibaba.com,Online Marketplaces,"China's B2B wholesale marketplace connecting manufacturers with overseas buyers; large cross-border trade payments, settled in-house via Alipay.",,,Not Contacted,,,,"Alipay/Antom; cards, Alipay, bank transfer (T/T)",In-house Routing,China,,~$130B (FY24) — in-house (Alipay); long-cycle,Search: Alibaba,
AliExpress,aliexpress.com,Online Marketplaces,Alibaba's cross-border retail marketplace selling Chinese goods to consumers worldwide; many currencies and local payment methods.,,,Not Contacted,,,,"Alipay/Antom; cards, Alipay, PayPal, local wallets",In-house Routing,China,,Part of Alibaba intl ~$13B seg,Search: AliExpress,
BEES （B2B e-commerce platform created by AB-InBev,mybeesapp.com,Online Marketplaces,AB InBev's B2B ordering app letting small shops and bars restock beer and drinks; high-frequency orders across many countries.,,,Not Contacted,,,,,,Belgium,,,Search: BEES （B2B e-commerce platform created by AB-InBev,
Blibli,blibli.com,Online Marketplaces,"Indonesian e-commerce marketplace and retailer in the Djarum group; also owns travel site tiket.com, local payment methods matter.",,,Not Contacted,,,,,,Singapore,,~$1B (FY24),Search: Blibli,
Bukalapak,bukalapak.com,Online Marketplaces,"Indonesian online marketplace that wound down physical goods to focus on digital products like phone credit, vouchers and bill payments.",,,Not Contacted,,,,,,Indonesia,,,Search: Bukalapak,
Carousell,carousell.com,Online Marketplaces,"Southeast Asian classifieds app for secondhand goods, cars and property; multi-country, with in-app payments and seller payouts.",,,Not Contacted,,,,,,Malaysia,SG/MY/ID/PH/HK/TW,~$100M est.; Dec'24 layoffs,Search: Carousell,
Catch,catch.com.au,Online Marketplaces,Australian discount online retailer and marketplace owned by Wesfarmers; domestic consumers plus third-party seller settlements.,,,Not Contacted,,,,,,Australia,,,Search: Catch,
Chotot,chotot.com,Online Marketplaces,"Vietnam's main classifieds marketplace for used goods, vehicles and property; domestic, with transactions historically settled in cash.",,,Not Contacted,,,,,,Vietnam,Vietnam,,Search: Chotot,
CodeCanyon (Envato),codecanyon.net,Online Marketplaces,"Envato's marketplace for website scripts, plugins and code; digital goods sold worldwide with payouts to independent developers.",,,Not Contacted,,,,,,Australia,,,Search: CodeCanyon (Envato),
Coupang,coupang.com,Online Marketplaces,Korean e-commerce retailer with its own delivery network and paid Wow membership; very high order volume and recurring subscription billing.,,,Not Contacted,,,,In-house (Coupang Pay),In-house Routing,South Korea,KR + TW (+Farfetch global),$30B+ (FY25); Q2'26 net loss $570M,Search: Coupang,
Daraz,daraz.com,Online Marketplaces,"Alibaba-owned marketplace across Pakistan, Bangladesh, Sri Lanka and Nepal; heavy cash-on-delivery and local payment method reliance.",,,Not Contacted,,,,"cards (Visa, Mastercard, Amex), Cash on Delivery, Koko PayLater, easy monthly installments",,Singapore,South Asia (Alibaba),~$500M est.,Search: Daraz,
Dewu,dewu.com,Online Marketplaces,"Chinese resale app for sneakers, streetwear and luxury goods with authentication; high-value consumer transactions, domestic China.",,,Not Contacted,,,,,,China,,,Search: Dewu,
DHgate,dhgate.com,Online Marketplaces,Chinese cross-border wholesale marketplace selling small-lot goods to overseas buyers; multi-currency settlement and supplier payouts.,,,Not Contacted,,,,,,China,CN cross-border global,~$2B est.,Search: DHgate,
Flipkart,flipkart.com,Online Marketplaces,"India's largest e-commerce marketplace, owned by Walmart; huge domestic order volume across UPI, cards and cash on delivery.",,,Not Contacted,,,,,Juspay,India,India,~$8.5B (FY24) — JUSPAY CLIENT,https://www.linkedin.com/company/flipkart,
Gamer2Gamer,g2g.com,Online Marketplaces,"Marketplace for game currency, accounts and boosting services; cross-border buyers with frequent payouts to sellers worldwide.",,,Not Contacted,,,,"PayPal, Skrill, Neteller, Payoneer, Binance Pay, Rapid Transfer; Visa, Mastercard, Amex, JCB, UnionPay, Apple Pay, Google Pay, BTC/ETH/USDT/USDC",,Malaysia,,,Search: Gamer2Gamer,
Global Sources,globalsources.com,Online Marketplaces,Hong Kong B2B sourcing platform and trade-show operator connecting Asian suppliers with international buyers; paid supplier memberships.,,,Not Contacted,,,,,,Hong Kong,,~$200M est.,Search: Global Sources,
Gmarket,gmarket.co.kr,Online Marketplaces,Korean online marketplace owned by Shinsegae; third-party sellers serving domestic shoppers plus overseas buyers of Korean goods.,,,Not Contacted,,,,,,Singapore,,~$1B (FY24),Search: Gmarket,
Gshopper,gshopper.com,Online Marketplaces,Cross-border online store selling consumer electronics and gadgets from Chinese suppliers to shoppers worldwide; multi-currency with local payment methods.,,,Not Contacted,,,,,,Japan,,,Search: Gshopper,
HYPD,hypd.store,Online Marketplaces,Indian creator-commerce platform letting influencers open storefronts selling D2C brands' products; commission payouts to creators.,,,Not Contacted,,,,,Juspay,India,,,https://www.linkedin.com/company/hypdin,
IndiaMART,indiamart.com,Online Marketplaces,India's largest B2B listings marketplace connecting buyers with suppliers; revenue comes from recurring subscription packages sold to sellers.,,,Not Contacted,,,,,,India,,~$160M (FY25),Search: IndiaMART,
Industrybuying,industrybuying.com,Online Marketplaces,"Indian B2B e-commerce for industrial tools, MRO and safety supplies, owned by Reliance; business buyers often on credit terms.",,,Not Contacted,,,,,Juspay,India,,,https://www.linkedin.com/company/industrybuying,
JD.com,jd.com,Online Marketplaces,"Chinese online retailer and marketplace for electronics and general goods, with its own logistics; runs in-house JD Pay.",,,Not Contacted,,,,"JD Pay (JD Technology / Wangyin Online); cards, UnionPay, WeChat Pay, Baitiao",In-house Routing,China,CN + Global,~$150B (FY24) — in-house JD Pay,Search: JD.com,
Kilimall,kilimall.co.ke,Online Marketplaces,"Chinese-run e-commerce marketplace serving Kenya, Uganda and Nigeria; depends on mobile money and cash on delivery.",,,Not Contacted,,,,,,China,,~$200M est.,Search: Kilimall,
Kogan,kogan.com,Online Marketplaces,"Australian online retailer of own-brand electronics and homewares, plus a marketplace, mobile plans and insurance; recurring subscription billing.",,,Not Contacted,,,,,,Australia,,~$550M (FY24),Search: Kogan,
Lazada,lazada.com,Online Marketplaces,"Alibaba-owned marketplace across six Southeast Asian countries; multi-currency, local wallets and cash on delivery.",,,Not Contacted,,,,,In-house Routing,Singapore,6 SEA markets (Alibaba),~$5B est. seg,Search: Lazada,
Lelong,lelong.com.my,Online Marketplaces,Malaysian online marketplace and auction site for general merchandise; long-running domestic platform for third-party sellers.,,,Not Contacted,,,,"cards (Visa, Mastercard), FPX, Maybank, Public Bank, CIMB, Hong Leong, Touch 'n Go, Boost",,Malaysia,,,Search: Lelong,
Made-in-China.com,made-in-china.com,Online Marketplaces,Chinese B2B sourcing platform listing manufacturers for overseas buyers; export trade payments and paid supplier memberships.,,,Not Contacted,,,,,,China,,~$300M est.,Search: Made-in-China.com,
Matahari Mall,mataharimall.com,Online Marketplaces,Indonesian online marketplace launched by Lippo Group selling general merchandise; domestic only and much reduced in scale.,,,Not Contacted,,,,,,Indonesia,Indonesia,,Search: Matahari Mall,
Meesho,meesho.com,Online Marketplaces,"Indian value marketplace selling low-price fashion and household goods into smaller cities; very high order volume, UPI and cash on delivery.",,,Not Contacted,,,,,Juspay,India,India,~$1.1B (FY25) — JUSPAY CLIENT,https://www.linkedin.com/company/meesho,
Mercari,mercari.com,Online Marketplaces,"Japanese consumer-to-consumer resale app; very high transaction counts with seller payouts, plus its own Merpay wallet.",,,Not Contacted,,,,"Merpay; cards, convenience-store payment, carrier billing",In-house Routing,Japan,JP + US,~$1.2B (FY24),Search: Mercari,
Momo,momo.com.tw,Online Marketplaces,"Taiwan's largest online retailer, selling general merchandise with fast domestic delivery; also runs TV and catalogue shopping.",,,Not Contacted,,,,,,Taiwan,,,Search: Momo,
Momo.com.tw,momoshop.com.tw,Online Marketplaces,"Shopping site of Taiwan's momo, the country's biggest online retailer; general merchandise for domestic consumers at high order volume.",,,Not Contacted,,,,,,Taiwan,Taiwan,,Search: Momo.com.tw,
MyDeal,mydeal.com.au,Online Marketplaces,"Australian online marketplace for furniture, homewares and garden goods, majority-owned by Woolworths; third-party sellers, domestic only.",,,Not Contacted,,,,,,New Zealand,,Part of Woolworths,Search: MyDeal,
Myntra,myntra.com,Online Marketplaces,"Indian online fashion and beauty retailer owned by Flipkart; high domestic order volume, returns-heavy, UPI and cards.",,,Not Contacted,,,,,Juspay,India,India,~$1.8B (FY24) — JUSPAY CLIENT,https://www.linkedin.com/company/myntra,
Nihao Jewelry,nihaojewelry.com,Online Marketplaces,Chinese wholesale site selling jewellery and fashion accessories in small lots to overseas resellers; cross-border and multi-currency.,,,Not Contacted,,,,,,China,,,Search: Nihao Jewelry,
Onbuy,onbuy.com,Online Marketplaces,"UK online marketplace that lists only third-party sellers and holds no stock; seller payouts, expanding into other countries.",,,Not Contacted,,,,,,,,,Search: Onbuy,
PChome,pchome.com.tw,Online Marketplaces,Taiwanese e-commerce group running PChome 24h retail and marketplaces for domestic shoppers; also operates the Pi wallet.,,,Not Contacted,,,,,,Taiwan,Taiwan,~$1.5B (FY24),Search: PChome,
Pinduoduo,pddholdings.com,Online Marketplaces,"PDD Holdings, the Chinese discount and group-buying marketplace and parent of cross-border app Temu; enormous transaction volume.",,,Not Contacted,,,,,In-house Routing,Indonesia,,PDD ~$54B (FY24),Search: Pinduoduo,
Poizon(得物）),poizon.com,Online Marketplaces,"Chinese sneaker and streetwear resale platform with authentication, known domestically as Dewu; expanding to overseas shoppers cross-border.",,,Not Contacted,,,,,,China,,,Search: Poizon(得物）),
Price.com.hk,price.com.hk,Online Marketplaces,"Hong Kong price comparison and shopping site covering electronics, telecom plans and services; sends buyers on to merchants.",,,Not Contacted,,,,,,Hong Kong,,,Search: Price.com.hk,
Qoo10,qoo10.sg,Online Marketplaces,"Singapore-based online marketplace operating across Southeast Asia; third-party sellers and multi-country settlement, hit by 2024 payout failures.",,,Not Contacted,,,,,,South Korea,SG/SEA,~$300M est.,Search: Qoo10,
Rakuten,rakuten.co.jp,Online Marketplaces,"Japanese internet group running the Rakuten Ichiba marketplace plus banking, cards and mobile; loyalty points bind the ecosystem together.",,,Not Contacted,,,,"Rakuten Card, Rakuten Pay; cards, convenience-store payment, Rakuten Points",In-house Routing,Japan,JP + Global,~$15B group (FY24),Search: Rakuten,
Redbubble,redbubble.com,Online Marketplaces,Australian print-on-demand marketplace where independent artists sell designs on merchandise; global shipping with regular artist royalty payouts.,,,Not Contacted,,,,,,Australia,,,Search: Redbubble,
RentoMojo,rentomojo.com,Online Marketplaces,"Indian rental service for furniture, appliances and electronics; monthly recurring billing on mandates, domestic only.",,,Not Contacted,,,,,Juspay,India,,,Search: RentoMojo,
Sendo,sendo.vn,Online Marketplaces,"Vietnamese online marketplace backed by FPT, aimed at smaller cities; domestic sellers with cash on delivery common.",,,Not Contacted,,,,,,Vietnam,Vietnam,~$100M est.,Search: Sendo,
Shopback,shopback.com,Online Marketplaces,Cashback and rewards shopping platform across Asia-Pacific; earns affiliate commission and pays cashback out to millions of consumers.,,,Not Contacted,,,,,,Singapore,Singapore,,Search: Shopback,
Shopee,shopee.com,Online Marketplaces,"Sea Group's marketplace across Southeast Asia, Taiwan and Brazil; huge order volume, ShopeePay wallet, local methods and cash on delivery.",,,Not Contacted,,,,,In-house Routing,Singapore,SEA + TW + BR,Sea group $16.7B (FY24),Search: Shopee,
Snapdeal,snapdeal.com,Online Marketplaces,"Indian value-focused online marketplace for budget fashion and household goods; smaller-city buyers, cash on delivery and UPI.",,,Not Contacted,,,,,Juspay,India,India,~$50M (FY24),Search: Snapdeal,
Suning.com,suning.com,Online Marketplaces,Chinese retailer of home appliances and electronics through physical stores and its own online marketplace; large-ticket domestic purchases.,,,Not Contacted,,,,,,China,China,~$9B (FY24),Search: Suning.com,
Tata CLiQ,tatacliq.com,Online Marketplaces,"Tata group's Indian online marketplace for fashion, electronics and luxury; omnichannel with Tata brand stores, domestic payments.",,,Not Contacted,,,,,Juspay,India,India,~$500M,Search: Tata CLiQ,
Temu,temu.com,Online Marketplaces,PDD's cross-border discount marketplace shipping cheap Chinese goods to shoppers in dozens of countries; multi-currency with many local methods.,,,Not Contacted,,,,,In-house Routing,China,,PDD group ~$54B (FY24),Search: Temu,
Tiki,tiki.vn,Online Marketplaces,"Vietnamese e-commerce retailer and marketplace known for fast delivery and authentic goods; domestic mix of cards, wallets and cash.",,,Not Contacted,,,,,,Vietnam,Vietnam,~$300M est.,Search: Tiki,
TMON,tmon.co.kr,Online Marketplaces,Korean deals and social-commerce marketplace that collapsed in 2024 after failing to pay sellers; barely operating since.,,,Not Contacted,,,,,,South Korea,South Korea,,Search: TMON,
Tokopedia,tokopedia.com,Online Marketplaces,"Indonesian marketplace under GoTo, majority-owned by TikTok; millions of domestic sellers using wallets, bank transfer and instalments.",,,Not Contacted,,,,"Midtrans, GoPay (GoTo Financial); cards, bank transfer, virtual account, QRIS",In-house Routing,Indonesia,Indonesia (GoTo/TikTok),Part of GoTo ~$1B,Search: Tokopedia,
Trade Me,trademe.co.nz,Online Marketplaces,"New Zealand's dominant online marketplace and classifieds site for goods, cars, property and jobs; listing fees and domestic payments.",,,Not Contacted,,,,,,New Zealand,New Zealand,~$300M (FY24),Search: Trade Me,
Udaan,udaan.com,Online Marketplaces,Indian B2B wholesale marketplace supplying kirana shops and small retailers; high-frequency orders often bundled with working-capital credit.,,,Not Contacted,,,,,Juspay,India,,,Search: Udaan,
VIP.com,vip.com,Online Marketplaces,"Vipshop, the Chinese online discount retailer selling branded apparel through flash sales; large domestic order volume from repeat buyers.",,,Not Contacted,,,,,,China,China,~$15B (FY24),Search: VIP.com,
Xiaohongshu,xiaohongshu.com,Online Marketplaces,"Chinese lifestyle content and social platform, known as RED, with in-app shopping; creator-driven commerce and growing transaction volume.",,,Not Contacted,,,,,In-house Routing,China,China,~$5B est. (private),Search: Xiaohongshu,
Yahoo Japan Shopping,shopping.yahoo.co.jp,Online Marketplaces,"Japanese online marketplace under LY Corporation; third-party sellers, tightly tied to the PayPay wallet and points ecosystem.",,,Not Contacted,,,,,,Japan,Japan,,Search: Yahoo Japan Shopping,
Zalora,zalora.com,Online Marketplaces,"Online fashion retailer across Southeast Asia, part of Global Fashion Group; multi-country selling in several currencies, cash on delivery common.",,,Not Contacted,,,,Adyen (cards) + Fiuu/Razer (MY/SG banking),,Singapore,SG/MY/ID/PH/HK/TW,~21% of GFG NMV (GFG ~$740M FY24),Search: Zalora,
Zepto,zeptonow.com,Online Marketplaces,"Indian 10-minute grocery delivery app; very high daily order volume, small basket sizes, domestic UPI-heavy payments.",,,Not Contacted,,,,,Juspay,India,India,~$2B (FY25) — JUSPAY CLIENT,Search: Zepto,
Zingoy,zingoy.com,Online Marketplaces,Indian cashback and gift-card marketplace; users buy discounted brand gift cards and earn cashback on partner-store purchases.,,,Not Contacted,,,,,Juspay,India,,,Search: Zingoy,
20Cube,20cube.com,Other,"Singapore-based freight forwarding and supply chain company; air, ocean, customs brokerage and retail logistics across Asia, Australia and Europe.",,,Not Contacted,,,,,,Singapore,,,Search: 20Cube,
Adani Group,adani.com,Other,"Indian conglomerate spanning ports, airports, power, renewables and cement; consumer-facing arms include airports and retail electricity distribution with recurring billing.",,,Not Contacted,,,,,Juspay,India,,,https://www.linkedin.com/company/adani-group,
BIPO,biposervice.com,Other,"Singapore-based HR outsourcing provider; multi-country payroll, employer-of-record and HR software for companies employing staff across Asia-Pacific and beyond.",,,Not Contacted,,,,,,,,~$100M est.,Search: BIPO,
Hellobike,hello-inc.com,Other,"Chinese shared bike and e-scooter operator, also ride-hailing and battery swapping; enormous volumes of small domestic mobile payments.",,,Not Contacted,,,,,,,,~$1B est.,Search: Hellobike,
Innjoy,innzoy.in,Other,"Indian budget hotel brand and booking site; branded stays in Hyderabad and other cities, sold through direct online bookings.",,,Not Contacted,,,,,,,,,Search: Innjoy,
Jardine Matheson,jardines.com,Other,"Hong Kong conglomerate owning DFI Retail supermarkets, Jardine Cycle & Carriage autos, Mandarin Oriental hotels and Hongkong Land property across Asia.",,,Not Contacted,,,,,,Hong Kong,,~$36B (FY24),Search: Jardine Matheson,
mollytea,mollytea.com,Other,Chinese bubble tea chain selling fresh milk teas through stores in China and overseas; high-frequency small-ticket in-store payments.,,,Not Contacted,,,,,,,,~$100M est.,Search: mollytea,
NetStars,netstars.co.jp,Other,"Japanese payments company behind StarPay, a multi-QR acceptance gateway connecting merchants to many domestic and overseas mobile wallets.",,,Not Contacted,,,,,,Australia,,,Search: NetStars,
Ninja Van,ninjavan.co,Other,Southeast Asian last-mile parcel delivery for e-commerce sellers; operates across six countries with heavy cash-on-delivery collection and merchant remittances.,,,Not Contacted,,,,,,,SEA,~$700M est.,Search: Ninja Van,
Ocean Network Express,one-line.com,Other,"Singapore-headquartered container shipping line formed by three Japanese carriers; global ocean freight for shippers, invoiced in many currencies.",,,Not Contacted,,,,,,Singapore,,,Search: Ocean Network Express,
Pavami digital Pte Ltd,pavami.net,Other,"Singapore-registered online store selling game top-ups and in-app currency for apps like Bigo Live, Likee and StarMaker to global buyers.",,,Not Contacted,,,,,,Singapore,,,Search: Pavami digital Pte Ltd,
Pos Malaysia,pos.com.my,Other,"Malaysia's national postal and courier operator; mail, parcels and post office counter services including bill payments and cash-on-delivery collection.",,,Not Contacted,,,,,,Malaysia,Malaysia,~$500M (FY24),Search: Pos Malaysia,
potensic,potensic.com,Other,"Consumer drone brand selling camera drones to hobbyists worldwide, mainly through Amazon and its own cross-border D2C store.",,,Not Contacted,,,,,,,,~$50M est.,Search: potensic,
PSA International,globalpsa.com,Other,Singapore-based global port operator running container terminals in Singapore and many other countries; B2B invoicing to shipping lines and forwarders.,,,Not Contacted,,,,,,,Global (SG HQ),~$5.5B (FY24),Search: PSA International,
Singapore Post,singpost.com,Other,"Singapore's postal operator; domestic mail, cross-border e-commerce parcel logistics and freight, plus post office retail and bill-payment counters.",,,Not Contacted,,,,,,Singapore,SG + intl,~$1.3B (FY24/25),Search: Singapore Post,
Teleport,teleport.asia,Other,"AirAsia's logistics arm; air cargo and last-mile parcel delivery across Southeast Asia for e-commerce shippers, using group aircraft capacity.",,,Not Contacted,,,,,,Malaysia,,,Search: Teleport,
Utu,utu.global,Other,"Singapore fintech that boosts tourists' VAT refunds; travellers convert tax-free shopping refunds into airline miles or card rewards, cross-border payouts.",,,Not Contacted,,,,,,Singapore,,~$30M est.,Search: Utu,
Vingroup JSC,vingroup.net,Other,"Vietnam's largest private conglomerate; VinFast electric vehicles, Vinhomes property, Vinpearl hotels and resorts, plus retail, healthcare and education in Vietnam.",,,Not Contacted,,,,,,,VN + Global (VinFast),~$8B group (FY24),Search: Vingroup JSC,
Viu,viu.com,Other,PCCW's subscription video streaming service for Asian drama and local content; recurring subscriptions and app-store billing across Asia and Middle East.,,,Contacting,In Flow,List Made on Apolo,"Already did research, can target as a P1, payments across 16 countries and using Telco partners for billing",Adyen and Telco Billings,None,Hong Kong,16 markets: SEA + MENA + ZA,PCCW OTT seg; sub revenue growing +13% FY25 (~$300M est.),Search: Viu,
VShow,poppo.com,Other,"Singapore operator of Poppo Live, a social live-streaming app; users buy virtual coins to tip streamers, largely via app-store billing.",,,Not Contacted,,,,,,,,,Search: VShow,
12goAsia,12go.asia,Passenger Transport & Ticketing,"Thailand-based online travel booking site for buses, trains, ferries and flights across Southeast Asia; cross-border payments and operator payouts.",,,Not Contacted,,,,,,Thailand,,$20.4 million,Search: 12goAsia,
AbhiBus (ixigo),abhibus.com,Passenger Transport & Ticketing,Indian online bus ticketing platform owned by ixigo; sells intercity bus tickets and remits collected fares to bus operators.,,,Not Contacted,,,,,Juspay,India,,,https://www.linkedin.com/company/abhibus,
Busonlineticket,busonlineticket.com,Passenger Transport & Ticketing,Malaysian online bus ticketing platform selling intercity coach and ferry tickets in Malaysia and Singapore; fares collected then remitted to operators.,,,Not Contacted,,,,,,Malaysia,MY + SEA,~$30M est.,Search: Busonlineticket,
CatchThatBus,catchthatbus.com,Passenger Transport & Ticketing,Malaysian online bus ticketing site for intercity coach travel in Malaysia and Singapore; small-ticket bookings with payouts to operators.,,,Not Contacted,,,,,,Malaysia,MY/SG,~$10M est.,Search: CatchThatBus,
China Railway,12306.cn,Passenger Transport & Ticketing,"China's state railway ticketing platform; sells all national train tickets domestically, enormous transaction volume through Chinese wallets and bank cards.",,,Not Contacted,,,,,,China,China,,Search: China Railway,
Cityflo,cityflo.com,Passenger Transport & Ticketing,Mumbai premium bus commuting service for office workers; app-booked reserved seats sold as recurring passes rather than single tickets.,,,Not Contacted,,,,,Juspay,India,,,https://www.linkedin.com/company/cityflo,
ComfortDelGro,cdgtaxi.com.sg,Passenger Transport & Ticketing,"Singapore-headquartered land transport group; taxis, private hire and buses in Singapore, Australia, UK and China, with high daily fare volumes.",,,Not Contacted,,,,,,,SG/AU/UK/CN,~$3.3B (FY24),Search: ComfortDelGro,
ComfortDelGro Rail,cdgrail.com,Passenger Transport & Ticketing,"Rail arm of Singapore transport group ComfortDelGro; operates and maintains rail systems, with passenger fares collected through transit cards.",,,Not Contacted,,,,,,Singapore,Singapore,,Search: ComfortDelGro Rail,
ConfirmTkt (ixigo),confirmtkt.com,Passenger Transport & Ticketing,"Indian train ticket booking app owned by ixigo, known for waitlist confirmation prediction; high-volume domestic rail bookings through IRCTC.",,,Not Contacted,,,,,Juspay,India,,,https://www.linkedin.com/company/confirmtkt,
CUMTA (Chennai One),cumta.tn.gov.in,Passenger Transport & Ticketing,"Tamil Nadu transport authority behind Chennai One, an integrated ticketing card and app spanning metro, bus and suburban rail.",,,Not Contacted,,,,,Juspay,India,,,https://www.linkedin.com/company/chennai-unified-metropolitan-transport-authority-cumta,
Easybook,easybook.com,Passenger Transport & Ticketing,"Malaysian online travel ticketing site for buses, ferries, trains and car rental across Malaysia, Singapore and Thailand; cross-border fares.",,,Not Contacted,,,,,,Malaysia,MY + SEA,~$50M est.,Search: Easybook,
FreshBus,freshbus.com,Passenger Transport & Ticketing,"Indian intercity electric bus operator selling seats through its own app and website; domestic ticketing, heavily UPI and cards.",,,Not Contacted,,,,,Juspay,India,,,https://www.linkedin.com/company/freshbus_india,
GreenCell Mobility Private Limited,nuego.in,Passenger Transport & Ticketing,"Indian electric intercity bus operator running the NueGo brand; tickets sold via its own app, website and travel aggregators.",,,Not Contacted,,,,,Juspay,India,,,https://www.linkedin.com/company/greencell-mobility,
Indonesia Ferry,ferizy.com,Passenger Transport & Ticketing,"State-owned Indonesian ferry operator ASDP; Ferizy is its online ticketing platform for passenger and vehicle crossings, domestic and high-volume.",,,Not Contacted,,,,,,Indonesia,,~$300M (state),Search: Indonesia Ferry,
IRCTC,irctc.co.in,Passenger Transport & Ticketing,Indian Railways' ticketing and catering arm; runs India's largest online rail booking platform with very high daily transaction volumes.,,,Not Contacted,,,,,Juspay,India,,,https://www.linkedin.com/company/irctcofficial,
JR East,jreast.co.jp,Passenger Transport & Ticketing,"Japan's largest passenger railway, serving Tokyo and eastern Japan; also runs station retail and the Suica transit e-money card.",,,Not Contacted,,,,,,Japan,Japan,~$18B (FY24),Search: JR East,
KTMB (Malaysia rail booking partner),ktmb.com.my,Passenger Transport & Ticketing,"Malaysia's national railway operator; intercity and commuter rail services with online seat booking, plus the cross-border link to Singapore.",,,Not Contacted,,,,,,Malaysia,Malaysia,,Search: KTMB (Malaysia rail booking partner),
KTX,korail.com,Passenger Transport & Ticketing,"South Korea's state railway operator Korail, running KTX high-speed and regional services; domestic ticketing through its app and website.",,,Not Contacted,,,,,,South Korea,South Korea (Korail),~$5B Korail,Search: KTX,
M2M Ferries,m2mferries.com,Passenger Transport & Ticketing,Indian ro-pax ferry operator running passenger and vehicle crossings between Mumbai and Mandwa; tickets sold online and at terminals.,,,Not Contacted,,,,,Juspay,India,,,https://www.linkedin.com/company/m2mferries,
MTR Corporation,mtr.com.hk,Passenger Transport & Ticketing,"Hong Kong's metro operator and property developer; fares paid mainly by Octopus card, plus rail concessions in China, Australia and Europe.",,,Not Contacted,,,,,,Hong Kong,HK + intl rail,~$7.5B (FY24),Search: MTR Corporation,
RailYatri,railyatri.in,Passenger Transport & Ticketing,"Indian rail travel app for train information, PNR status and bookings; also operates the IntrCity SmartBus intercity coach service.",,,Not Contacted,,,,,Juspay,India,,,Search: RailYatri,
redBus,redbus.in,Passenger Transport & Ticketing,"India's largest online bus ticketing platform, owned by MakeMyTrip; also sells in Southeast Asia and Latin America, remitting fares to operators.",,,Not Contacted,,,,,Juspay,India,,,Search: redBus,
SMRT Corporation,smrt.com.sg,Passenger Transport & Ticketing,"Singapore rail and bus operator running MRT, LRT and bus services; fares collected via contactless transit and bank cards.",,,Not Contacted,,,,,,Singapore,Singapore,~$1.2B (FY24),Search: SMRT Corporation,
Vexere,vexere.com,Passenger Transport & Ticketing,Vietnamese online bus ticketing marketplace and booking software for coach operators; collects fares and settles payouts to operators domestically.,,,Not Contacted,,,,,,Vietnam,Vietnam,~$30M est.,Search: Vexere,
VRL Travels,vrlbus.in,Passenger Transport & Ticketing,"Indian intercity bus operator based in Karnataka, part of VRL Group's transport business; coach tickets sold directly and via aggregators.",,,Not Contacted,,,,,Juspay,India,,,Search: VRL Travels,
Zingbus,zingbus.com,Passenger Transport & Ticketing,Indian intercity bus aggregator and operator; app and website ticket sales for coach travel across northern and western India.,,,Not Contacted,,,,,Juspay,India,,,Search: Zingbus,
Altura HRM,altura.in,Payroll & HR Tech,"Indian SAP consulting firm implementing SuccessFactors, SAP HCM and payroll for enterprises across Asia, the Middle East and Africa.",,,Not Contacted,,,,,,India,,,Search: Altura HRM,
Ascender,ascenderhcm.com,Payroll & HR Tech,"Asia-Pacific payroll and HR outsourcing provider, now part of Dayforce; runs multi-country payroll for large employers across the region.",,,Not Contacted,,,,,,Australia,,Part of Ceridian/Dayforce,Search: Ascender,
Bindle,bindle.io,Payroll & HR Tech,Australian SaaS for tracking employee leave and paid time off in small and mid-sized teams; per-seat subscription billing.,,,Not Contacted,,,,,,Australia,,,Search: Bindle,
Darwinbox,darwinbox.com,Payroll & HR Tech,"Indian HR software suite covering hiring, core HR and payroll for large enterprises across India, Southeast Asia and the Middle East.",,,Not Contacted,,,,,,India,IN + SEA + MENA,~$100M ARR est.,Search: Darwinbox,
ELMO CloudHR,elmosoftware.com.au,Payroll & HR Tech,"Australian cloud HR, payroll and learning software for mid-sized employers in Australia and New Zealand; recurring subscription billing.",,,Not Contacted,,,,,,Australia,,~$100M est.,Search: ELMO CloudHR,
Freee,corp.freee.co.jp,Payroll & HR Tech,"Japanese cloud accounting, payroll and back-office software for small businesses; recurring SaaS subscriptions, almost entirely domestic Japan.",,,Not Contacted,,,,,,Japan,,~$180M (FY24),Search: Freee,
Frontier e-HR,frontier-ehr.com,Payroll & HR Tech,"Singapore HR and payroll software vendor serving employers in Singapore, Malaysia and other Asian markets; subscription and licence billing.",,,Not Contacted,,,,,,Singapore,,,Search: Frontier e-HR,
Frontier Software,frontiersoftware.com,Payroll & HR Tech,"Australian HR and payroll software vendor (chris21/ichris) sold to mid-sized and large employers in Australia, Asia and the UK.",,,Not Contacted,,,,,,Australia,,,Search: Frontier Software,
Gadjian,gadjian.com,Payroll & HR Tech,"Indonesian cloud HR and payroll software for small and mid-sized local businesses; subscription billing in rupiah, domestic only.",,,Not Contacted,,,,,,Indonesia,,~$5M est.,Search: Gadjian,
Gpayroll,gpayroll.com,Payroll & HR Tech,Singapore cloud payroll software for small businesses; automated payroll runs and statutory CPF filings sold on subscription.,,,Not Contacted,,,,,,Singapore,,,Search: Gpayroll,
GreytHR,greythr.com,Payroll & HR Tech,"Indian cloud HR and payroll software for small and mid-sized employers; subscription SaaS, mainly India with some Gulf presence.",,,Not Contacted,,,,,,India,,~$30M ARR est.,Search: GreytHR,
HReasily,hreasily.com,Payroll & HR Tech,Singapore cloud HR and payroll platform for SMEs across Southeast Asia; subscription billing spanning several countries and currencies.,,,Not Contacted,,,,,,Singapore,,~$10M est.,Search: HReasily,
HRM Labs,hrmlabs.com,Payroll & HR Tech,"Singapore HR and payroll software for local SMEs; cloud HRMS sold on subscription, often with government PSG grant support.",,,Not Contacted,,,,,,Singapore,,,Search: HRM Labs,
HRMantra,hrmantra.com,Payroll & HR Tech,"Indian HR and payroll software vendor selling cloud and on-premise HRMS to mid-sized and large employers, mainly in India.",,,Not Contacted,,,,,,India,,,Search: HRMantra,
Humanica,humanica.com,Payroll & HR Tech,Thai HR and payroll company selling Workplaze HCM software plus payroll outsourcing to employers across Thailand and Southeast Asia.,,,Not Contacted,,,,,,Thailand,,~$60M (FY24),Search: Humanica,
IceHrm,icehrm.com,Payroll & HR Tech,"Small HR management software vendor offering cloud and self-hosted HRMS, including an open-source edition, to SMEs internationally.",,,Not Contacted,,,,,,Australia,,,Search: IceHrm,
JustLogin,justlogin.com,Payroll & HR Tech,"Singapore cloud HR suite covering payroll, leave and attendance for SMEs in Singapore and nearby Asian markets; subscription billing.",,,Not Contacted,,,,,,Singapore,,~$10M est.,Search: JustLogin,
KaryaOne,karyaone.co.id,Payroll & HR Tech,"Indonesian cloud HR and payroll software for local small and mid-sized companies; subscription billing in rupiah, domestic only.",,,Not Contacted,,,,,,Indonesia,,,Search: KaryaOne,
Keka HR,keka.com,Payroll & HR Tech,"Indian HR and payroll SaaS for mid-sized companies; recurring subscription billing, mainly India with Middle East expansion.",,,Not Contacted,,,,,,India,,~$50M ARR est.,Search: Keka HR,
LinovHR,linovhr.com,Payroll & HR Tech,Indonesian HR management and payroll software sold to mid-sized and large Indonesian employers; subscription and licence billing.,,,Not Contacted,,,,,,Indonesia,,,Search: LinovHR,
Microimage HCM,microimagehcm.com,Payroll & HR Tech,Sri Lankan HCM software vendor selling HR and payroll systems to enterprises in Sri Lanka and other Asian markets.,,,Not Contacted,,,,,,Sri Lanka,,,Search: Microimage HCM,
Money Forward,corp.moneyforward.com,Payroll & HR Tech,"Japanese cloud accounting, payroll and back-office SaaS for businesses, plus a consumer money management app; recurring domestic subscriptions.",,,Not Contacted,,,,,,Japan,,~$250M (FY24),Search: Money Forward,
Multiplier,usemultiplier.com,Payroll & HR Tech,"Singapore-based employer-of-record platform; hires and pays employees and contractors in many countries, making frequent cross-border payroll payouts.",,,Not Contacted,,,,,,Singapore,,~$100M ARR est.,Search: Multiplier,
Neeyamo,neeyamo.com,Payroll & HR Tech,Indian global payroll and HR outsourcing provider; runs multi-country payroll and employee payments for large multinational employers.,,,Not Contacted,,,,,,India,,~$100M est.,Search: Neeyamo,
PayAsia,payasia.asia,Payroll & HR Tech,Singapore payroll outsourcing provider handling multi-country payroll processing and salary disbursement for companies across Asia-Pacific.,,,Not Contacted,,,,,,Singapore,,,Search: PayAsia,
Paybooks,paybooks.in,Payroll & HR Tech,"Indian cloud payroll software and payroll outsourcing for small and mid-sized businesses; subscription billing, domestic India only.",,,Not Contacted,,,,,,India,,,Search: Paybooks,
PayGlobal,payglobal.com,Payroll & HR Tech,New Zealand payroll and HR software for mid-sized employers in New Zealand and Australia; owned by MYOB.,,,Not Contacted,,,,,,New Zealand,,,Search: PayGlobal,
PayGroup,paygroup.com,Payroll & HR Tech,"Australian payroll outsourcing and HR services across Asia-Pacific, now part of Deel; multi-country payroll processing for employers.",,,Not Contacted,,,,,,Australia,,Part of Deel,Search: PayGroup,
PayrollPanda,payrollpanda.my,Payroll & HR Tech,"Malaysian cloud payroll software for small businesses; automates salary runs and statutory contributions, sold on subscription domestically.",,,Not Contacted,,,,,,Malaysia,,,Search: PayrollPanda,
PeopleHum,peoplehum.com,Payroll & HR Tech,"Indian HR platform covering hiring, engagement, performance and core HR for mid-sized companies; subscription SaaS sold internationally.",,,Not Contacted,,,,,,India,,,Search: PeopleHum,
PeopleStrong,peoplestrong.com,Payroll & HR Tech,"Indian HR technology vendor with recruitment, core HR and payroll software for large enterprises across India and Southeast Asia.",,,Not Contacted,,,,,,India,,~$60M ARR est.,Search: PeopleStrong,
Ramco Systems,ramco.com,Payroll & HR Tech,"Indian enterprise software vendor; ERP, aviation MRO and multi-country payroll software sold across Asia-Pacific, the Middle East and beyond.",,,Not Contacted,,,,,,India,,~$150M (FY25),Search: Ramco Systems,
Skuad,skuad.io,Payroll & HR Tech,"Employer-of-record and global payroll platform, now owned by Payoneer; hires and pays workers across many countries cross-border.",,,Not Contacted,,,,,,India,,~$20M est.,Search: Skuad,
Sleekr,sleekr.co,Payroll & HR Tech,"Indonesian HR and accounting software for small businesses, now part of Mekari; subscription billing, domestic Indonesia only.",,,Not Contacted,,,,,,Indonesia,,,Search: Sleekr,
SmartHR,smarthr.co.jp,Payroll & HR Tech,"Japanese cloud HR software automating social insurance and labour paperwork for employers; recurring subscriptions, almost entirely domestic Japan.",,,Not Contacted,,,,,,Japan,,~$150M ARR est.,Search: SmartHR,
SumHR,sumhr.com,Payroll & HR Tech,"Indian cloud HR and payroll software for small and mid-sized businesses; subscription billing, domestic India only.",,,Not Contacted,,,,,,India,,,Search: SumHR,
Swingvy,swingvy.com,Payroll & HR Tech,"HR and payroll software for small businesses in Southeast Asia and Taiwan, covering leave, claims, attendance and payroll.",,,Not Contacted,,,,,,South Korea,,~$15M est.,Search: Swingvy,
Talenox,talenox.com,Payroll & HR Tech,"Singapore cloud payroll and HR software for SMEs; sells across Singapore, Malaysia and Hong Kong on recurring subscriptions.",,,Not Contacted,,,,,,Singapore,,~$5M est.,Search: Talenox,
Talenta,talenta.co,Payroll & HR Tech,"Indonesian cloud HR and payroll software from Mekari, sold to local SMEs; recurring SaaS billing plus monthly payroll disbursement runs.",,,Not Contacted,,,,,,Indonesia,,Part of Mekari ~$50M,Search: Talenta,
Wisemonk,wisemonk.io,Payroll & HR Tech,Employer-of-record and payroll provider letting overseas companies hire staff in India; handles cross-border salary and contractor payouts.,,,Not Contacted,,,,,,India,,,Search: Wisemonk,
WorkIndia,workindia.in,Payroll & HR Tech,Indian job marketplace matching blue-collar and entry-level workers with employers; monetised through subscription hiring plans sold to small businesses.,,,Not Contacted,,,,,Juspay,India,,,Search: WorkIndia,
Workstem,workstem.com,Payroll & HR Tech,"Hong Kong cloud HR, rostering and payroll platform for SMEs across APAC; SaaS subscriptions plus recurring payroll and MPF processing.",,,Not Contacted,,,,,,Hong Kong,,,Search: Workstem,
Capitaland,capitaland.com,Real Estate & PropTech,"Singapore real estate investment manager and developer; owns malls, offices and lodging across Asia, collecting rents and fees in multiple currencies.",,,Not Contacted,,,,,,Singapore,SG + Global,CLI ~$2.3B (FY24),Search: Capitaland,
Far East Organization,fareast.com,Real Estate & PropTech,"Singapore's largest private property developer, also running hotels and serviced residences; property sales plus recurring rental and hospitality payments.",,,Not Contacted,,,,,,Singapore,,,Search: Far East Organization,
Magicbricks,magicbricks.com,Real Estate & PropTech,"Indian online property portal for buying, renting and selling homes; revenue from subscription listing packages sold to brokers and developers.",,,Not Contacted,,,,,Juspay,India,,,https://www.linkedin.com/company/magicbricks,
PropertyGuru International,propertygurugroup.com,Real Estate & PropTech,"Southeast Asian property portal group across Singapore, Malaysia, Thailand and Vietnam; agent subscriptions billed in several countries and currencies.",,,Not Contacted,,,,,,Singapore,,~$120M (FY24),Search: PropertyGuru International,
Sunway Berhad,sunway.com.my,Real Estate & PropTech,"Malaysian conglomerate spanning property development, construction, healthcare, malls, education and theme parks; large domestic consumer and B2B payment volumes.",,,Not Contacted,,,,,,Malaysia,,,Search: Sunway Berhad,
Wing Tai Holdings,wingtaiasia.com,Real Estate & PropTech,Singapore property developer that also operates retail fashion brands regionally; property sales alongside multi-country store and online apparel retail.,,,Not Contacted,,,,,,Singapore,,,Search: Wing Tai Holdings,
52toys,52toys.com,Retail,"Chinese designer toy and blind-box maker selling collectibles through its own stores, marketplaces and growing exports into Southeast Asia.",,,Not Contacted,,,,,,,,~$150M est.,Search: 52toys,
7-Eleven Asia (Seven & i),7andi.com,Retail,Japanese operator of 7-Eleven convenience stores and supermarkets; enormous small-ticket transaction volume with heavy cash and local e-money use.,,,Not Contacted,,,,,,Japan,Japan,,Search: 7-Eleven Asia (Seven & i),
A.S. Watson,aswatson.com,Retail,"Hong Kong health and beauty retailer running Watsons and other chains across Asia and Europe; thousands of stores, many currencies.",,,Not Contacted,,,,,,Hong Kong,,~$22B (FY24),Search: A.S. Watson,
Aeon Co.,aeon.info,Retail,"Japanese retail group operating supermarkets, malls and general merchandise stores across Asia; also runs its own consumer credit card business.",,,Not Contacted,,,,"cards, WAON",,Japan,,~$1B (FY24),Search: Aeon Co.,
AFTERSHOCK PC,aftershockpc.com,Retail,"Singapore builder of custom gaming PCs and laptops, sold online and through showrooms in Southeast Asia and Australia; instalment payments common.",,,Not Contacted,,,,,,Singapore,SG/AU,~$50M est.,Search: AFTERSHOCK PC,
Aiper,aiper.com,Retail,"Chinese maker of robotic pool cleaners sold direct-to-consumer and via Amazon in the US, Europe and Australia; cross-border card volume.",,,Not Contacted,,,,,,China,,~$200M est.,Search: Aiper,
Anker,anker.com,Retail,"Chinese consumer electronics brand for chargers, audio and smart home devices; sells globally through Amazon, its own D2C sites and retail.",,,Not Contacted,,,,"Stripe, PayPal, Amazon Pay; cards, Shop Pay, Google Pay",,China,,~$3.1B (FY24),Search: Anker,
Anycubic,anycubic.com,Retail,"Chinese consumer 3D printer maker selling worldwide direct-to-consumer online, with repeat resin and filament consumable purchases following hardware.",,,Not Contacted,,,,"Shopify Payments, PayPal, Klarna; cards, UnionPay, Afterpay, Clearpay",,China,,~$300M est.,Search: Anycubic,
ASUS,asus.com,Retail,"Taiwanese maker of laptops, motherboards, graphics cards and phones; sells through global distribution and its own online stores in many markets.",,,Not Contacted,,,,,,Taiwan,,,Search: ASUS,
Baby Bunting,babybunting.com.au,Retail,"Australian specialty retailer of prams, car seats and baby goods; omnichannel stores plus e-commerce, almost entirely domestic.",,,Not Contacted,,,,,,Australia,AU/NZ,~$350M (FY24),Search: Baby Bunting,
Bambulab,bambulab.com,Retail,"Chinese consumer 3D printer maker selling direct online across the US, Europe and Asia; repeat filament purchases follow hardware sales.",,,Not Contacted,,,,,,China,,"~$1B est. (private, fast-growing)",Search: Bambulab,
Big C (Central),bigc.co.th,Retail,Thai hypermarket and supermarket chain with stores in Thailand and neighbouring markets; high-volume grocery checkout with heavy cash and wallet use.,,,Not Contacted,,,,,,Thailand,Thailand,,Search: Big C (Central),
Blackmores Group,blackmores.com.au,Retail,"Australian vitamins and supplements brand owned by Kirin; sells through pharmacies and online across Australia and Asia, notably China.",,,Not Contacted,,,,,,Australia,AU + Asia,~$450M (Kirin-owned),Search: Blackmores Group,
Booktopia,booktopia.com.au,Retail,"Australian online bookseller shipping direct to consumers domestically; pure e-commerce, recently restructured under new ownership.",,,Not Contacted,,,,,,Australia,Australia,~$150M (post-restructure),Search: Booktopia,
Camilla and Marc,camillaandmarc.com,Retail,"Australian premium womenswear label; own boutiques, department store concessions and online sales into Australia and selected international markets.",,,Not Contacted,,,,,,Australia,,~$100M est.,Search: Camilla and Marc,
Casetify,casetify.com,Retail,Hong Kong D2C brand selling customisable phone cases and accessories online worldwide plus retail stores; high cross-border order volume.,,,Not Contacted,,,,,,Hong Kong,,,Search: Casetify,
Castlery,castlery.com,Retail,"Singapore online furniture brand designing and selling its own sofas and homeware direct in Singapore, Australia and the United States.",,,Not Contacted,,,,,,Singapore,,,Search: Castlery,
Central Retail Corporation,central.co.th,Retail,"Thai retail group running department stores, supermarkets and electronics chains in Thailand, Vietnam and Italy; multi-country consumer payment volume.",,,Not Contacted,,,,,,Thailand,Thailand,,Search: Central Retail Corporation,
Chemist Warehouse,chemistwarehouse.com.au,Retail,Australian discount pharmacy chain now merged with Sigma Healthcare; very high store and online transaction volume across Australia and New Zealand.,,,Not Contacted,,,,,,Australia,AU + intl,~$3.5B (Sigma merger),Search: Chemist Warehouse,
Citta,cittadesign.com,Retail,Australasian homewares and children's goods brand selling through wholesale stockists and its own online stores in New Zealand and Australia.,,,Not Contacted,,,,,,Australia,,~$20M est. (NZ),Search: Citta,
Coles Group,coles.com.au,Retail,Australian supermarket chain with liquor and convenience formats; huge daily grocery transaction volume plus online delivery and loyalty payments.,,,Not Contacted,,,,,,Australia,Australia,,Search: Coles Group,
ColorKey,colorkey.com,Retail,"Chinese colour cosmetics brand aimed at younger buyers, selling mainly online through Tmall, Douyin and cross-border marketplace channels.",,,Not Contacted,,,,,,,,~$200M est.,Search: ColorKey,
Cotton On Group,cottonongroup.com.au,Retail,"Australian fast-fashion retailer behind Cotton On, Typo and Factorie; hundreds of stores plus e-commerce across many countries and currencies.",,,Not Contacted,,,,,,Australia,,~$2B est. (private),Search: Cotton On Group,
COURTS,courts.com.sg,Retail,"Singapore retailer of electronics, appliances and furniture; stores and online, with instalment credit a common way customers pay.",,,Not Contacted,,,,,,Singapore,,,Search: COURTS,
Creative Labs,creative.com,Retail,"Singapore audio hardware maker behind Sound Blaster cards, speakers and headsets; sells through global distributors and its own online store.",,,Not Contacted,,,,,,Singapore,,,Search: Creative Labs,
Croma (Tata),croma.com,Retail,"Tata's Indian electronics retail chain; large-format stores plus online, with EMI instalment payments common on higher-value purchases.",,,Not Contacted,,,,,Juspay,India,,,https://www.linkedin.com/company/infiniti-retail-limited-croma---a-tata-enterprise,
DFI Retail Group,dfiretailgroup.com,Retail,"Hong Kong-based pan-Asian retailer running supermarkets, health and beauty stores, convenience chains and restaurants; very high transaction counts across markets.",,,Not Contacted,,,,,,Hong Kong,,~$9B (FY24),Search: DFI Retail Group,
DJI,dji.com,Retail,"Chinese maker of consumer and commercial drones, gimbals and cameras; sells worldwide through its own store, retail and distributors.",,,Not Contacted,,,,,,China,,~$4B est. (private),Search: DJI,
Don Don Donki (PPIH),ppih.co.jp,Retail,"Japanese discount variety chain Don Quijote, expanding across Singapore, Hong Kong and Southeast Asia; high-volume retail with heavy tourist spend.",,,Not Contacted,,,,,,Japan,Japan,,Search: Don Don Donki (PPIH),
Dyson,dyson.com,Retail,"Singapore-headquartered maker of vacuums, hair care and air purifiers; sells direct-to-consumer online and through its own stores in many countries.",,,Not Contacted,,,,,,Singapore,,~$9B global (SG HQ),Search: Dyson,
Ecoflow,ecoflow.com,Retail,"Chinese maker of portable power stations and home battery systems; sells direct online and via Amazon in North America, Europe and Asia.",,,Not Contacted,,,,,,China,,~$1B est.,Search: Ecoflow,
Edifier,edifier.com,Retail,"Chinese audio brand making speakers, soundbars and headphones; sells through distributors, marketplaces and its own sites in many markets.",,,Not Contacted,,,,,,China,,~$400M,Search: Edifier,
EIFINI,eifini.com,Retail,Shenzhen-based women's fashion brand selling through mall stores across China plus Tmall and Douyin; almost entirely domestic market.,,,Not Contacted,,,,,,,,~$300M est.,Search: EIFINI,
Emart,emart.com,Retail,"South Korean hypermarket chain owned by Shinsegae, with supermarkets and online grocery; very high domestic transaction volume.",,,Not Contacted,,,,,,South Korea,South Korea,,Search: Emart,
Fast Retailing (Uniqlo),fastretailing.com,Retail,"Japanese owner of Uniqlo and GU; runs stores and e-commerce across Asia, Europe and North America, settling in many currencies.",,,Not Contacted,,,,,,Japan,,~$21B (FY24),Search: Fast Retailing (Uniqlo),
FirstCry,firstcry.com,Retail,"Indian retailer of baby and kids' products; app and website plus a large franchised store network, with high domestic order volume.",,,Not Contacted,,,,,Juspay,India,,,https://www.linkedin.com/company/firstcry,
FlowerAura,floweraura.com,Retail,"Indian online gifting site delivering flowers, cakes and personalised gifts; high order volume, many orders placed and paid from overseas.",,,Not Contacted,,,,,Juspay,India,,,https://www.linkedin.com/company/floweraura,
Garmin,garmin.com,Retail,"Maker of GPS devices, smartwatches and marine and aviation electronics; global retail and D2C sales plus recurring satellite and map subscriptions.",,,Not Contacted,,,,,,,,~$6.3B global,Search: Garmin,
General Pants,generalpants.com,Retail,"Australian youth fashion retailer selling its own and third-party denim and streetwear brands through stores and online, mainly domestically.",,,Not Contacted,,,,,,Australia,,~$150M est.,Search: General Pants,
Giikin,giikin.com,Retail,Chinese cross-border social commerce operator selling consumer goods into Southeast Asia through social media ads; heavy cash-on-delivery and local payment reliance.,,,Not Contacted,,,,,,,,~$200M est.,Search: Giikin,
Govee Technology,govee.com,Retail,"Chinese smart lighting and home device brand selling direct-to-consumer online and through Amazon in North America, Europe and Asia.",,,Not Contacted,,,,,,,,~$300M est.,Search: Govee Technology,
Haier,haier.com,Retail,"Chinese home appliance manufacturer selling refrigerators, washers and air conditioners worldwide, including under GE Appliances, Candy and Fisher & Paykel.",,,Not Contacted,,,,,,China,,~$37B (FY24),Search: Haier,
Harvey Norman,harveynorman.com.au,Retail,"Australian franchised retailer of furniture, bedding and electronics; stores across Australia, New Zealand and Southeast Asia, with consumer finance common.",,,Not Contacted,,,,,,Australia,AU/NZ + intl,~$6B (FY24),Search: Harvey Norman,
HeyTea,heytea.com,Retail,Chinese premium bubble tea chain with thousands of outlets and overseas expansion; very high volume of small app and QR payments.,,,Not Contacted,,,,,,,,~$1B est.,Search: HeyTea,
Hindustan Unilever,hul.co.in,Retail,"Indian FMCG arm of Unilever selling soaps, detergents, tea and personal care through millions of small retail outlets and distributors.",,,Not Contacted,,,,,,India,India,~$7.5B (FY25),Search: Hindustan Unilever,
Hisense,hisense.com,Retail,"Chinese manufacturer of televisions, air conditioners and home appliances sold worldwide through retail and distribution, with growing direct online sales.",,,Not Contacted,,,,,,China,,~$27B (FY24),Search: Hisense,
HKTVMall,hktvmall.com,Retail,"Hong Kong online shopping marketplace and delivery operator; third-party merchants sell alongside own stock, so regular seller payouts are needed.",,,Not Contacted,,,,,,,Hong Kong,~$1B (FY24),Search: HKTVMall,
Homary,homary.com,Retail,"Chinese cross-border online retailer of furniture, lighting and home decor selling direct to consumers in the US and Europe.",,,Not Contacted,,,,,,China,,,Search: Homary,
Home Product Center (HomePro),homepro.co.th,Retail,"Thai home improvement retailer selling building materials, furniture and appliances through large-format stores and online, mainly within Thailand.",,,Not Contacted,,,,,,Thailand,Thailand,,Search: Home Product Center (HomePro),
Honor,hihonor.com,Retail,"Chinese smartphone and laptop maker spun out of Huawei; sells across Asia, Europe and Latin America via carriers, retail and online.",,,Not Contacted,,,,,,China,,~$10B est.,Search: Honor,
Hopscotch,hopscotch.in,Retail,"Indian online retailer of children's clothing and accessories, selling its own and licensed brands direct through its app and website.",,,Not Contacted,,,,,Juspay,India,,,https://www.linkedin.com/company/hopscotch-,
HTC,htc.com,Retail,Taiwanese maker of smartphones and Vive VR headsets; hardware sold globally alongside VR content sales and subscription access to its library.,,,Not Contacted,,,,,,Taiwan,,,Search: HTC,
Huawei,huawei.com,Retail,"Chinese telecom equipment and device maker; sells network gear to carriers and phones to consumers, running its own app store and cloud.",,,Not Contacted,,,,,,China,,~$99B (FY24),Search: Huawei,
Ikea/Ikano,ikea.com,Retail,"Ikano Retail operates IKEA stores and e-commerce in Singapore, Malaysia, Thailand and the Philippines; multi-country home furnishing retail and delivery.",,,Not Contacted,,,,,Juspay,Singapore,,~$1B est.,https://www.linkedin.com/company/ikano-group,
iLife,ilifetech.hk,Retail,"Chinese robot vacuum and floor-care brand selling internationally under the ILIFE name through Amazon, marketplaces and regional distributors.",,,Not Contacted,,,,,,,,~$100M est.,Search: iLife,
Insta360,insta360.com,Retail,"Chinese maker of 360-degree and action cameras; sells worldwide through its own online store, Amazon and retail distribution.",,,Not Contacted,,,,,,China,,~$800M (FY24),Search: Insta360,
Isetan Mitsukoshi,isetan.co.jp,Retail,Japanese department store group with Tokyo flagships and outlets across Asia; heavy tourist spend and tax-free transaction volume.,,,Not Contacted,,,,,,Japan,JP + Asia,Isetan Mitsukoshi ~$3.5B,Search: Isetan Mitsukoshi,
JB Hi-Fi,jbhifi.com.au,Retail,Australian consumer electronics and appliance retailer that also owns The Good Guys; high-value store and online sales in Australia and New Zealand.,,,Not Contacted,,,,,,Australia,Australia,,Search: JB Hi-Fi,
Joybuy,joybuy.com,Retail,"JD.com's European marketplace, launched in the UK and Germany with third-party sellers; cross-border listings requiring multi-currency seller payouts.",,,Not Contacted,,,,,,,,,Search: Joybuy,
July,july.com,Retail,"Australian direct-to-consumer luggage and travel goods brand selling online with personalisation, plus a small number of its own stores.",,,Not Contacted,,,,,,Australia,,~$50M est.,Search: July,
Kathmandu,kathmanduholdings.com,Retail,"New Zealand-listed outdoor group owning Kathmandu, Rip Curl and Oboz; stores, wholesale and online across Australasia, Europe and North America.",,,Not Contacted,,,,,,Australia,AU/NZ + intl,~$650M (KMD Brands),Search: Kathmandu,
Kris Shop,krisshop.com,Retail,Singapore Airlines' retail arm selling duty-free and travel goods onboard and online to passengers; cross-border orders paid in several currencies.,,,Not Contacted,,,,,,Singapore,,,Search: Kris Shop,
Lenovo,lenovo.com,Retail,"Chinese maker of PCs, servers and phones sold worldwide; large enterprise contracts alongside consumer e-commerce and attached device services.",,,Not Contacted,,,,,,China,Global (CN/HK HQ),~$57B (FY24/25),Search: Lenovo,
Lenskart,lenskart.com,Retail,India's largest eyewear retailer; omnichannel direct-to-consumer with stores across Asia and the Middle East.,,,Not Contacted,,,,,Juspay,India,,,https://www.linkedin.com/company/lenskart-com,
LG Electronics,lg.com,Retail,"South Korean maker of TVs, home appliances and vehicle components; global retail and B2B sales plus appliance rental subscriptions in Korea.",,,Not Contacted,,,,,,South Korea,,~$65B (FY24),Search: LG Electronics,
Loctek Ergonomic Technology,loctek.us,Retail,"Chinese maker of standing desks and ergonomic furniture, sold direct-to-consumer as Flexispot in the US, Europe and Asia.",,,Not Contacted,,,,,,,,"~$500M (FY24, Flexispot)",Search: Loctek Ergonomic Technology,
Lorna Janes,lornajane.com,Retail,"Australian women's activewear brand; own stores, franchised outlets and online sales in Australia and the United States.",,,Not Contacted,,,,,,Australia,,~$200M est.,Search: Lorna Janes,
Lotte Shopping,lotteshopping.com,Retail,"South Korean retail group running department stores, hypermarkets, supermarkets and e-commerce; very high domestic volume plus stores in Southeast Asia.",,,Not Contacted,,,,,,South Korea,KR + Asia,~$10B (FY24),Search: Lotte Shopping,
Luk Fook Holdings,lukfook.com,Retail,"Hong Kong jewellery retailer selling gold and gem-set pieces through own and licensed stores in Hong Kong, mainland China and overseas.",,,Not Contacted,,,,,,,,~$1.5B (FY24/25),Search: Luk Fook Holdings,
Matahari Department Store,matahari.co.id,Retail,Indonesian department store chain selling apparel and household goods nationwide; large domestic footprint with heavy cash and local wallet use.,,,Not Contacted,,,,,,Indonesia,Indonesia,,Search: Matahari Department Store,
Maxim's Group,maxims.com.hk,Retail,"Hong Kong food and beverage group running restaurants, bakeries and licensed chains including Starbucks Hong Kong; huge volume of small payments.",,,Not Contacted,,,,,,,,~$2.5B est.,Search: Maxim's Group,
Meizu,meizu.com,Retail,"Chinese smartphone brand owned by Geely, selling phones and connected car devices mainly in China through online and carrier channels.",,,Not Contacted,,,,,,China,CN + emerging,~$1B est. (Geely),Search: Meizu,
Metro Department Store,metroretail.com.ph,Retail,Philippine retail group running department stores and supermarkets; domestic chain with heavy cash and local payment method reliance.,,,Not Contacted,,,,,,Philippines,Philippines,~$500M est.,Search: Metro Department Store,
Midea,midea.com,Retail,"Chinese home appliance and HVAC manufacturer selling air conditioners, kitchen appliances and robotics worldwide through retail, distribution and B2B channels.",,,Not Contacted,,,,,,China,,~$55B (FY24),Search: Midea,
Mimco,mimco.com.au,Retail,"Australian handbag and accessories brand within Country Road Group; own boutiques, department store concessions and online sales, mainly domestic.",,,Not Contacted,,,,,,Australia,,Part of Country Road Group,Search: Mimco,
Miniso,miniso.com,Retail,"Chinese variety retailer selling low-priced lifestyle and licensed character goods through thousands of stores worldwide, mostly franchised or partner-operated.",,,Not Contacted,,,,,,,Global (CN HQ),~$2.3B (FY24),Search: Miniso,
Mr.diy,mrdiy.com,Retail,Malaysian home improvement and household goods chain with over a thousand stores across Southeast Asia; very high small-basket transaction volume.,,,Not Contacted,,,,,,,MY + SEA,~$1.1B (FY24),Search: Mr.diy,
Muji,muji.com,Retail,"Japanese retailer of minimalist household goods, apparel and stationery; own-brand stores and e-commerce across Asia, Europe and North America.",,,Not Contacted,,,,,,Japan,,~$4.5B Ryohin Keikaku (FY24),Search: Muji,
Nayuki / Naixue,naixue.com,Retail,Chinese premium tea and bakery chain with hundreds of stores; high-frequency small-ticket orders placed mostly through its app and mini-programme.,,,Not Contacted,,,,,,,,~$700M (FY24),Search: Nayuki / Naixue,
NewJaisa,newjaisa.com,Retail,"Bengaluru refurbisher and online retailer of used laptops and desktops, selling direct to Indian consumers and in bulk to enterprise buyers.",,,Not Contacted,,,,,Juspay,India,,,https://www.linkedin.com/company/newjaisa,
One Care,onecare.com.au,Retail,"Australian retailer trading at onecare.com.au; specific product range could not be confirmed, most likely health, aged-care or wellness supplies.",,,Not Contacted,,,,,,Australia,,,Search: One Care,
OnePlus,oneplus.com,Retail,"Chinese smartphone brand in the Oppo group, selling Android phones and accessories direct online and via carriers in India, Europe and North America.",,,Not Contacted,,,,,Juspay,China,,,https://www.linkedin.com/company/oneplus,
Oppo,oppo.com,Retail,"Chinese smartphone maker selling Android handsets across China, India, Southeast Asia and Europe through large offline dealer networks and local payment methods.",,,Not Contacted,,,,,,China,,~$30B est.,Search: Oppo,
Osim,osim.com,Retail,"Singapore retailer of massage chairs and wellness devices through branded stores in Southeast Asia, Hong Kong and China; high average order values.",,,Not Contacted,,,,,,Singapore,SG + Asia,~$400M est. (V3 Group),Search: Osim,
Owndays,owndays.com,Retail,"Japanese eyewear retailer selling prescription glasses and sunglasses through several hundred stores across Japan and Southeast Asia, plus online ordering.",,,Not Contacted,,,,,,Japan,,,Search: Owndays,
Parkson Retail,parkson.com,Retail,"Malaysian department store operator running stores in Malaysia, Vietnam and Indonesia; multi-country retail leaning on local cards and payment methods.",,,Not Contacted,,,,,,Malaysia,MY/VN/ID,~$400M (FY24),Search: Parkson Retail,
Pharmacy Online,pharmacyonline.com.au,Retail,"Australian online pharmacy selling medicines, vitamins and baby formula; substantial cross-border demand from Chinese shoppers needing local payment methods.",,,Not Contacted,,,,,,Australia,,~$100M est.,Search: Pharmacy Online,
Popmart,popmart.com,Retail,"Chinese designer toy retailer selling blind-box collectibles such as Labubu; fast-growing store network and e-commerce outside China across Asia, Europe and America.",,,Not Contacted,,,,,,,CN + Global,"~$1.8B (FY24), fast global growth",Search: Popmart,
realme India,realme.com,Retail,"India arm of the Chinese smartphone brand, selling budget Android phones online and through retail; very high unit volumes with heavy UPI and EMI use.",,,Not Contacted,,,,,Juspay,China,,,Search: realme India,
Reliance Retail,relianceretail.com,Retail,"India's largest retailer, running grocery, fashion, electronics and pharmacy chains plus JioMart e-commerce; enormous domestic transaction volumes.",,,Not Contacted,,,,,,India,,,Search: Reliance Retail,
Robinsons Retail Holdings,robinsonsretailholdings.com.ph,Retail,"Philippine multi-format retailer operating supermarkets, drugstores, department stores and convenience stores; high domestic volume with heavy cash reliance.",,,Not Contacted,,,,,,Philippines,Philippines,~$3.5B (FY24),Search: Robinsons Retail Holdings,
Samsung,samsung.com,Retail,"South Korean electronics group selling phones, TVs, chips and appliances worldwide, including direct-to-consumer online stores in most major markets.",,,Not Contacted,,,,,,South Korea,,~$200B group,Search: Samsung,
Shinsegae,shinsegae.com,Retail,"South Korean retail group operating department stores, Emart hypermarkets and duty-free shops; mostly domestic with very high transaction volumes.",,,Not Contacted,,,,,,South Korea,South Korea,,Search: Shinsegae,
Shoppers Stop,shoppersstop.com,Retail,"Indian department store chain selling apparel, beauty and accessories across roughly a hundred stores plus online; loyalty-driven domestic retail.",,,Not Contacted,,,,,Juspay,India,,,Search: Shoppers Stop,
SM Retail,sminvestments.com,Retail,"Retail arm of Philippine conglomerate SM Investments, running department stores, supermarkets and specialty chains; heavy cash and local payment reliance.",,,Not Contacted,,,,,,Philippines,Philippines,Part of SM Investments ~$11B,Search: SM Retail,
Smiths City,smithscity.co.nz,Retail,"New Zealand retailer of appliances, furniture and consumer electronics through stores and online, historically with in-store consumer finance options.",,,Not Contacted,,,,,,Australia,,~$100M est. (NZ),Search: Smiths City,
Songmicshome,songmics.com,Retail,"Chinese home furniture and storage brand selling direct to consumers online in Europe and North America, largely through Amazon and its own sites.",,,Not Contacted,,,,,,China,,,Search: Songmicshome,
Spencer's Retail,spencers.in,Retail,"Indian supermarket and hypermarket chain in the RP-Sanjiv Goenka Group, selling groceries and general merchandise domestically at high transaction counts.",,,Not Contacted,,,,,Juspay,India,,,Search: Spencer's Retail,
SSG.com (Shinsegae),ssg.com,Retail,"Shinsegae's South Korean online retail platform selling groceries and general merchandise, including third-party sellers that require marketplace payouts.",,,Not Contacted,,,,,,South Korea,South Korea,,Search: SSG.com (Shinsegae),
Supertails,supertails.com,Retail,"Indian online pet care retailer selling pet food, supplies, medicines and vet consultations; repeat and subscription orders, domestic only.",,,Not Contacted,,,,,Juspay,India,,,Search: Supertails,
SurfStitch,surfstitch.com,Retail,"Australian online retailer of surf, skate and streetwear apparel and gear; e-commerce only, selling mainly to Australian shoppers.",,,Not Contacted,,,,,,Australia,,~$50M est.,Search: SurfStitch,
Temple & Webster,templeandwebster.com.au,Retail,Australian online-only furniture and homewares retailer using a drop-ship supplier model with supplier payouts and high-value baskets.,,,Not Contacted,,,,,,Australia,Australia,~$500M (FY24/25),Search: Temple & Webster,
Transsion,transsion.com,Retail,"Chinese phone maker behind Tecno, Infinix and itel, selling budget handsets mainly across Africa, South Asia and Southeast Asia via local distributors.",,,Not Contacted,,,,,,China,Global-emerging mkts (CN HQ),~$9B (FY24),Search: Transsion,
Uniqlo (Fast Retailing),uniqlo.com,Retail,"Japanese apparel retailer selling own-brand basics through stores and e-commerce in around 25 countries; large cross-border, multi-currency operation.",,,Not Contacted,,,,,,Japan,Japan,,Search: Uniqlo (Fast Retailing),
Vevor,vevor.com,Retail,"Chinese cross-border direct-to-consumer brand selling tools, machinery and outdoor equipment online to buyers in North America, Europe and Australia.",,,Not Contacted,,,,,,China,,~$1B est.,Search: Vevor,
Vijay Sales,vijaysales.com,Retail,Indian consumer electronics and appliance chain across western and northern India; store-led selling where card EMI instalments are common.,,,Not Contacted,,,,,Juspay,India,,,Search: Vijay Sales,
Vivo,vivo.com,Retail,"Chinese smartphone maker selling Android handsets in China, India and Southeast Asia, mostly through very large offline retail networks.",,,Not Contacted,,,,,,China,,~$30B est.,Search: Vivo,
Wakefit,wakefit.co,Retail,"Indian direct-to-consumer brand selling mattresses, furniture and sleep products online and through its own stores; domestic, high-value orders.",,,Not Contacted,,,,,Juspay,India,,,Search: Wakefit,
"Wesfarmers (Kmart, Target AU)",wesfarmers.com.au,Retail,"Australian conglomerate owning Bunnings, Kmart, Target and Officeworks; very high in-store and online transaction volumes across Australia and New Zealand.",,,Not Contacted,,,,,,Australia,Australia,~$29B (FY24/25),"Search: Wesfarmers (Kmart, Target AU)",
Winni,winni.in,Retail,"Indian online retailer of cakes, flowers and gifts with same-day delivery across many cities; high-frequency, small-ticket domestic orders.",,,Not Contacted,,,,,Juspay,India,,,Search: Winni,
Woolworths Group,woolworthsgroup.com.au,Retail,"Australia's largest supermarket group, plus Big W and New Zealand operations; enormous daily card transaction volume in stores and online.",,,Not Contacted,,,,,,Australia,AU/NZ,~$45B (FY24/25),Search: Woolworths Group,
xgimi (极米）),xgimi.com,Retail,"Chinese maker of smart home projectors, sold direct online and through retailers in China, Europe, North America and Japan.",,,Not Contacted,,,,,,China,,,Search: xgimi (极米）),
Xiaomi,mi.com,Retail,"Chinese consumer electronics maker selling phones, smart home devices and EVs across China, India, Southeast Asia and Europe at high volume.",,,Not Contacted,,,,,Juspay,China,,~$50B (FY24),Search: Xiaomi,
Xtools,xtool.com,Retail,"Chinese maker of desktop laser cutters and engravers sold direct to hobbyists and small businesses online in North America, Europe and Asia.",,,Not Contacted,,,,,,China,,,Search: Xtools,
Zoomin,zoomin.com,Retail,"Indian personalised photo products retailer selling prints, photobooks, frames and custom gifts through its website and mobile app.",,,Not Contacted,,,,,Juspay,India,,,Search: Zoomin,
boAt (Imagine Marketing),boat-lifestyle.com,Retail,"India's largest consumer audio and wearables brand; D2C site plus marketplaces, very high order volume with heavy UPI and cash-on-delivery mix.",,,Not Contacted,,,Speak with Param and get his flatmate's contact to speak about Boat's expansion Plan,,,India,India,"~$370M (FY25, ₹3,100 cr)",https://www.linkedin.com/company/boat-lifestyle,
Affle,affle.com,SaaS,"Indian mobile advertising and audience platform charging advertisers for app installs and conversions across India, Southeast Asia and the Middle East.",,,Not Contacted,,,,,,,IN + SEA,~$220M (FY25),Search: Affle,
Ahrefs,ahrefs.com,SaaS,Singapore-based SEO and marketing analytics toolset sold to agencies and marketers worldwide on monthly and annual self-serve subscriptions.,,,Not Contacted,,,,Stripe; cards,,Singapore,,~$150M est. (private),Search: Ahrefs,
Animaker,animaker.com,SaaS,"Indian SaaS for making animated videos and presentations without design skills, sold to marketers and educators on subscription.",,,Not Contacted,,,,,,India,,,Search: Animaker,
Atlassian,atlassian.com,SaaS,"Australian maker of Jira, Confluence and Trello for software and IT teams; cloud subscriptions billed worldwide in multiple currencies.",,,Not Contacted,,,,,,Australia,Australia,,Search: Atlassian,
Bench Accounting,bench.co,SaaS,"Online bookkeeping and tax service for North American small businesses, sold as a monthly subscription; wound down and acquired in 2025.",,,Not Contacted,,,,,,,,,Search: Bench Accounting,
Biteable,biteable.com,SaaS,Australian browser-based video maker used by marketing and internal comms teams to produce short videos; sold on subscription.,,,Not Contacted,,,,,,Australia,,,Search: Biteable,
BrandCrowd,brandcrowd.com,SaaS,Australian online logo and brand asset maker for small businesses; customers buy individual logo downloads or subscribe for ongoing design access.,,,Not Contacted,,,,,,Australia,,,Search: BrandCrowd,
BrowserStack,browserstack.com,SaaS,Indian cloud platform for testing websites and apps on real browsers and devices; developer seat subscriptions billed globally.,,,Not Contacted,,,,,,India,,~$250M ARR est.,Search: BrowserStack,
Campaign Monitor,campaignmonitor.com,SaaS,"Email marketing platform for small businesses and agencies, Australian-founded and now part of Marigold; recurring subscription billing.",,,Not Contacted,,,,,,Australia,,,Search: Campaign Monitor,
Canva,canva.com,SaaS,"Australian online design tool for consumers, teams and enterprises; a very large volume of self-serve subscriptions billed in many currencies.",,,Not Contacted,,,,,,Australia,,"~$3-4B ARR (2026, private ~$42B val)",Search: Canva,
Chargebee,chargebee.com,SaaS,Subscription billing and revenue management software for SaaS and e-commerce companies; India-founded and sold to merchants globally.,,,Not Contacted,,,,,,India,India,,Search: Chargebee,
Clear (ClearTax),cleartax.in,SaaS,"Indian tax and compliance software for GST filing, e-invoicing and income tax returns, sold to businesses, accountants and individuals.",,,Not Contacted,,,,,Juspay,India,,,https://www.linkedin.com/company/cleartaxindia,
CleverTap,clevertap.com,SaaS,"Indian customer engagement and retention platform for consumer mobile apps; usage-based subscriptions sold across India, Southeast Asia and beyond.",,,Not Contacted,,,,,,India,India,,Search: CleverTap,
Clipchamp Premium,clipchamp.com,SaaS,"Browser-based video editor, Australian-founded and now owned by Microsoft; consumer and business premium subscriptions sold worldwide.",,,Not Contacted,,,,,,Australia,,,Search: Clipchamp Premium,
Culture Amp,cultureamp.com,SaaS,"Australian employee engagement, performance and survey platform sold to HR teams at mid-market and enterprise companies on annual subscriptions.",,,Not Contacted,,,,,,Australia,,~$150M ARR est.,Search: Culture Amp,
Deputy,deputy.com,SaaS,"Australian shift scheduling, timesheet and workforce management software for shift-based businesses; per-user subscriptions sold internationally.",,,Not Contacted,,,,,,Australia,Australia,,Search: Deputy,
Employment Hero,employmenthero.com,SaaS,"Australian HR, payroll and benefits platform for small and mid-sized businesses across Australia, New Zealand, the UK and Southeast Asia.",,,Not Contacted,,,,,,Australia,Australia,,Search: Employment Hero,
Ento,ento.com,SaaS,"Australian rostering and workforce management software for shift-based employers, now part of Humanforce; sold on per-user subscriptions.",,,Not Contacted,,,,,,Australia,Australia,,Search: Ento,
Fotor Pro,fotor.com,SaaS,Chinese online photo editing and design tool with consumer Pro subscriptions sold worldwide through the web and mobile apps.,,,Not Contacted,,,,,,China,,,Search: Fotor Pro,
Freshdesk (Freshworks),freshworks.com,SaaS,"Indian-founded maker of customer support, CRM and IT service software sold to small and mid-market businesses globally on subscription.",,,Not Contacted,,,,,,India,,Part of Freshworks — consolidate,Search: Freshdesk (Freshworks),
Go1,go1.com,SaaS,"Australian aggregator of online training content sold to employers as per-seat subscriptions across Australia, the US and Europe.",,,Not Contacted,,,,,,Australia,AU + Global,~$100M ARR est.,Search: Go1,
Goodnotes,goodnotes.com,SaaS,Hong Kong maker of the Goodnotes note-taking app for iPad and other platforms; consumer subscriptions billed largely through app stores.,,,Not Contacted,,,,,,Hong Kong,,,Search: Goodnotes,
Hapana,hapana.com,SaaS,"Australian gym and boutique fitness studio management software handling bookings, memberships and recurring member billing for multi-site operators.",,,Not Contacted,,,,,,Australia,,,Search: Hapana,
Infrasys,shijigroup.com,SaaS,"Cloud point-of-sale software from Shiji Group for hotel and restaurant food and beverage operations, sold to hospitality groups internationally.",,,Not Contacted,,,,,,China,,~$50M est. — hospitality POS tech,Search: Infrasys,
Innovaccer,innovaccer.com,SaaS,"Indian-founded healthcare data and analytics platform sold to US hospitals, health systems and payers on enterprise contracts.",,,Not Contacted,,,,,,India,India,,Search: Innovaccer,
Karbon,karbonhq.com,SaaS,"Australian practice management and workflow software for accounting and bookkeeping firms; per-user subscriptions across Australia, the US and UK.",,,Not Contacted,,,,,,Australia,Australia,,Search: Karbon,
Karooooo,karooooo.com,SaaS,"Singapore-listed owner of Cartrack; vehicle telematics and fleet management sold as monthly per-vehicle subscriptions across Africa, Asia and Europe.",,,Not Contacted,,,,,,Singapore,SG/ZA (Cartrack),~$400M (FY24),Search: Karooooo,
Kingdee,kingdee.com,SaaS,"Chinese enterprise software vendor selling cloud ERP, finance and HR systems to Chinese businesses, increasingly on subscription rather than licence.",,,Not Contacted,,,,,,China,,,Search: Kingdee,
Linktree,linktr.ee,SaaS,Australian link-in-bio tool for creators and brands; a very large base of low-value consumer subscriptions billed globally.,,,Not Contacted,,,,,,Australia,,~$100M ARR est.,Search: Linktree,
MoEngage,moengage.com,SaaS,"Indian customer engagement platform for consumer brands' app, push and email marketing; subscriptions sold across India, Southeast Asia, the Middle East and US.",,,Not Contacted,,,,,,India,India,,Search: MoEngage,
Payble,payble.co,SaaS,"Australian fintech giving billers such as utilities, councils and insurers flexible bill payment, direct debit and payment arrangement tools.",,,Not Contacted,,,,,,Australia,Australia,,Search: Payble,
Piktochart,piktochart.com,SaaS,"Malaysian web tool for making infographics, reports and presentations, sold to teams and individuals on self-serve subscriptions.",,,Not Contacted,,,,,,Malaysia,,~$10M est.,Search: Piktochart,
Postman,postman.com,SaaS,"API development and testing platform used by developer teams; India-founded and US-headquartered, sold as seat-based subscriptions worldwide.",,,Not Contacted,,,,,,India,India,,Search: Postman,
PropertyMe,propertyme.com,SaaS,Australian cloud property management and trust accounting software for residential real estate agencies; monthly subscriptions priced per property.,,,Not Contacted,,,,,,Australia,Australia,~$20M est.,Search: PropertyMe,
Reejig,reejig.com,SaaS,Australian workforce intelligence platform mapping employee skills and internal mobility for large enterprises; sold on annual enterprise subscriptions.,,,Not Contacted,,,,,,Australia,Australia,,Search: Reejig,
SafetyCulture,safetyculture.com,SaaS,"Australian maker of the SafetyCulture inspection app, formerly iAuditor, for workplace checklists and safety reporting; per-seat subscriptions sold globally.",,,Not Contacted,,,,,,Australia,Australia,,Search: SafetyCulture,
Selz,selz.com,SaaS,Australian e-commerce platform that let small merchants build online stores and accept payments; wound down after being acquired.,,,Not Contacted,,,,,,Australia,,,Search: Selz,
Shoplazza,shoplazza.com,SaaS,"Chinese e-commerce store builder used by cross-border direct-to-consumer merchants selling into North America, Europe and Southeast Asia.",,,Not Contacted,,,,,,China,,,Search: Shoplazza,
Sparkle Visual (Pixlr),pixlr.com,SaaS,"Browser-based photo editing and design tool with freemium consumer subscriptions, owned by a Singapore group and sold worldwide.",,,Not Contacted,,,,,,Singapore,,,Search: Sparkle Visual (Pixlr),
Timely,gettimely.com,SaaS,"New Zealand booking and management software for salons, spas and barbers, including client payments and recurring subscription billing.",,,Not Contacted,,,,,,New Zealand,New Zealand,,Search: Timely,
TRAX,traxretail.com,SaaS,Singapore-based retail image recognition company measuring shelf conditions and stock for consumer goods brands and retailers.,,,Not Contacted,,,,,,Singapore,SG + Global,~$100M est.,Search: TRAX,
Vend (Lightspeed),lightspeedhq.com,SaaS,"New Zealand-built retail point-of-sale and inventory software for small and mid-sized stores, now part of Lightspeed Commerce.",,,Not Contacted,,,,,,New Zealand,New Zealand,,Search: Vend (Lightspeed),
Vero,getvero.com,SaaS,Australian email and messaging automation platform used by product and marketing teams to send behavioural campaigns to their users.,,,Not Contacted,,,,,,Australia,,,Search: Vero,
Xero,xero.com,SaaS,"New Zealand cloud accounting software for small businesses and their accountants; monthly subscriptions across Australia, New Zealand, UK and US.",,,Not Contacted,,,,,,New Zealand,AU/NZ/UK/US + Global,"~$1.1B (FY24, NZX/ASX)",Search: Xero,
Zoho,zoho.com,SaaS,"Indian software company selling a broad suite of CRM, finance and productivity apps to small businesses worldwide at low subscription prices.",,,Not Contacted,,,,,,India,India,Part of Zoho — consolidate,Search: Zoho,
Flam,flamapp.ai,SaaS,"Bangalore platform selling app-less mixed-reality and AI ad formats to brands and agencies; subscription contracts, expanding outside India.",,,Not Contacted,,,,,,India,India + Global,,https://www.linkedin.com/company/flamappofficial,
BIGO Live,bigo.tv,Social Media & Ad Platforms,"Singapore-based live streaming app from JOYY; users buy virtual gifts across 100+ countries, heavy local-payment-method and app-store billing mix.",,,Not Contacted,,,,,,Singapore,"Global (SG HQ, JOYY)",~$2B (BIGO seg FY24),Search: BIGO Live,
Bilibili,bilibili.com,Social Media & Ad Platforms,"Chinese video and anime community; earns from mobile games, live-stream gifting and premium memberships, almost entirely domestic recurring billing.",,,Not Contacted,,,,,In-house Routing,China,China,~$3.2B (FY24),Search: Bilibili,
Bytedance (TikTok),bytedance.com,Social Media & Ad Platforms,"Owner of TikTok and Douyin; short video and ads at global scale, plus in-app coins, live gifting and TikTok Shop payments.",,,Not Contacted,,,,,,Singapore,,Part of ByteDance,Search: Bytedance (TikTok),
Chingari,chingari.io,Social Media & Ad Platforms,Indian short-video app with live streaming and creator gifting; monetises through in-app coin purchases paid by UPI and cards.,,,Not Contacted,,,,,,India,India,~$20M est.,Search: Chingari,
Douyin,douyin.com,Social Media & Ad Platforms,ByteDance's Chinese short-video app; enormous live-commerce and in-app purchase volume settled domestically through WeChat Pay and Alipay.,,,Not Contacted,,,,,,China,,Part of ~$150B ByteDance,Search: Douyin,
Douyu,douyu.com,Social Media & Ad Platforms,"Chinese game live-streaming platform; revenue comes mainly from viewers buying virtual gifts and subscriptions for streamers, domestic China only.",,,Not Contacted,,,,,,China,,~$600M (FY24),Search: Douyu,
EloElo,eloelo.in,Social Media & Ad Platforms,"Indian live-streaming and social gaming app; creators earn from virtual gifts bought in-app, domestic users paying mostly by UPI.",,,Not Contacted,,,,,Juspay,India,,,https://www.linkedin.com/company/eloeloapp,
Huajiao,huajiao.com,Social Media & Ad Platforms,"Chinese mobile live-streaming platform; income comes from viewers buying virtual gifts for hosts, domestic market only.",,,Not Contacted,,,,,,China,,~$100M est.,Search: Huajiao,
Inke,inke.cn,Social Media & Ad Platforms,Chinese live-streaming and social dating app operator (Yingke); virtual gifting revenue in China plus a portfolio of overseas social apps.,,,Not Contacted,,,,,,China,,~$1B (FY24),Search: Inke,
InMobi,inmobi.com,Social Media & Ad Platforms,Indian mobile advertising and app monetisation platform selling inventory to global brands; makes cross-border payouts to app publishers.,,,Not Contacted,,,,,,India,,~$700M est.,Search: InMobi,
KakaoTalk,kakaocorp.com,Social Media & Ad Platforms,"South Korea's dominant messaging app, run by Kakao; monetises emoticons, gifting, digital content and commerce, with KakaoPay handling payments in-house.",,,Not Contacted,,,,,,South Korea,South Korea,Part of Kakao ~$6B,Search: KakaoTalk,
Kuaishou (Kwai),kuaishou.com,Social Media & Ad Platforms,"Chinese short-video app; large live-commerce and virtual gifting business alongside advertising, with very high domestic transaction volume.",,,Not Contacted,,,,,In-house Routing,China,CN + BR/SEA,~$17B (FY24),Search: Kuaishou (Kwai),
Leadbolt,leadbolt.com,Social Media & Ad Platforms,Australian mobile ad network and user-acquisition platform for app developers; pays out to publishers across many countries.,,,Not Contacted,,,,,,Australia,,,Search: Leadbolt,
Likee,likee.video,Social Media & Ad Platforms,"JOYY's short-video app aimed at India, Southeast Asia, Russia and the Middle East; monetised through in-app coin purchases and gifting.",,,Not Contacted,,,,,,Singapore,"Global (SG HQ, JOYY)",Part of JOYY,Search: Likee,
Line,line.me,Social Media & Ad Platforms,"Japan's main messaging app under LY Corp; revenue from stickers, ads, games and LINE Pay across Japan, Taiwan and Thailand.",,,Not Contacted,,,,,In-house Routing,Japan,JP/TH/TW/ID,Part of LY Corp ~$13B,Search: Line,
Naver,naver.com,Social Media & Ad Platforms,"South Korea's largest search portal and content platform; runs Naver Pay, webtoons and commerce with recurring membership billing.",,,Not Contacted,,,,,In-house Routing,South Korea,KR + JP (LINE),~$7.5B (FY24) — owns Naver Pay + acquiring Dunamu,Search: Naver,
Nonolive,nonolive.com,Social Media & Ad Platforms,"Live-streaming app aimed at Southeast Asia and Latin America, tied to DouYu's international arm; revenue from virtual gift purchases.",,,Not Contacted,,,,,,China,,Part of DouYu intl,Search: Nonolive,
Openrec,openrec.tv,Social Media & Ad Platforms,"Japanese game live-streaming service run by CyberAgent; viewers pay for subscriptions and virtual gifts to streamers, mostly domestic.",,,Not Contacted,,,,,,Japan,,~$20M est.,Search: Openrec,
Pixiv,pixiv.net,Social Media & Ad Platforms,"Japanese illustration and manga community; artists monetise through paid memberships, commissions and fan subscriptions using Japanese payment methods.",,,Not Contacted,,,,,,Japan,Japan + Global,~$100M est.,Search: Pixiv,
Poppolive,poppolive.com,Social Media & Ad Platforms,Chinese-developed live-streaming and social discovery app popular in the Middle East and South Asia; revenue from virtual gifting.,,,Not Contacted,,,,,,China,,,Search: Poppolive,
ShareChat,sharechat.com,Social Media & Ad Platforms,Indian regional-language social app and Moj short video; monetises through advertising and in-app virtual gifting paid by UPI.,,,Not Contacted,,,,,,India,India,~$200M (FY24),Search: ShareChat,
Tamasha Live,tamasha.live,Social Media & Ad Platforms,Indian live audio-video social and casual gaming app; users buy coins for gifting hosts and entering games.,,,Not Contacted,,,,,Juspay,India,,,Search: Tamasha Live,
Tencent,tencent.com,Social Media & Ad Platforms,"Chinese games, WeChat and cloud group; operates Tenpay and WeChat Pay in-house, with huge game and subscription billing volume globally.",,,Not Contacted,,,,"Tenpay / WeChat Pay; cards, Alipay, UnionPay",In-house Routing,China,,~$86B (FY24) — in-house payments (Tenpay); long-cycle,Search: Tencent,
Trovo Live,trovo.live,Social Media & Ad Platforms,Tencent's international game live-streaming platform competing with Twitch; viewers buy subscriptions and virtual currency across many countries.,,,Not Contacted,,,,,,China,,Part of Tencent,Search: Trovo Live,
TrueFan,truefan.in,Social Media & Ad Platforms,"Indian platform for personalised celebrity video messages and AI avatars; fans pay per video, including diaspora buyers abroad.",,,Not Contacted,,,,,Juspay,India,,,Search: TrueFan,
TwitCasting,twitcasting.tv,Social Media & Ad Platforms,Japanese live-streaming service from Moi Corporation; viewers buy points to gift streamers and pay for premium broadcasts.,,,Not Contacted,,,,,,Japan,,~$50M est.,Search: TwitCasting,
WEBTOON,webtoons.com,Social Media & Ad Platforms,"Naver's digital comics platform, Nasdaq-listed; readers buy coins to unlock episodes across Korea, Japan, the US and Europe.",,,Not Contacted,,,,,,South Korea,Global (KR/US),"~$1.3B (FY24, Nasdaq: WBTN)",Search: WEBTOON,
Weibo,weibo.com,Social Media & Ad Platforms,"Chinese microblogging platform; advertising plus paid memberships and live-stream gifting, running almost entirely on domestic payment rails.",,,Not Contacted,,,,,In-house Routing,China,China,~$1.8B (FY24),Search: Weibo,
Weverse,weverse.io,Social Media & Ad Platforms,"HYBE's K-pop fan community and commerce platform; global fans buy memberships, concert streams and merchandise in many currencies.",,,Not Contacted,,,,,,South Korea,"Global (KR, HYBE)",Part of HYBE ~$1.6B,Search: Weverse,
YY Live,yy.com,Social Media & Ad Platforms,"JOYY's Chinese live-streaming platform; revenue comes almost entirely from viewers buying virtual gifts for hosts, domestic market.",,,Not Contacted,,,,,,China,,Part of JOYY,Search: YY Live,
Zhihu,zhihu.com,Social Media & Ad Platforms,"Chinese question-and-answer and knowledge-sharing platform; earns from advertising, paid memberships and e-commerce referrals, domestic only.",,,Not Contacted,,,,,,China,China,~$500M (FY24),Search: Zhihu,
12Bet,12bet.com,Sports Betting,"Online sportsbook and casino brand run from the Philippines, targeting Asian bettors; deposits via local bank transfers and e-wallets.",,,Not Contacted,,,,,,Philippines,,~$200M est. — gambling: confirm vertical allowed,Search: 12Bet,
Bluebet (BETR),betr.com.au,Sports Betting,"Australian online sports bookmaker, ASX-listed; domestic wagering with high-frequency deposits and withdrawals via cards and PayID.",,,Not Contacted,,,,,,Australia,,,Search: Bluebet (BETR),
Dafabet,dafabet.com,Sports Betting,Asia-facing online sportsbook and casino licensed in the Philippines; multi-currency deposits using local payment methods across Asia.,,,Not Contacted,,,,,,Philippines,,"~$500M est. — gambling, check vertical policy",Search: Dafabet,
PointsBet,pointsbet.com.au,Sports Betting,"Australian online bookmaker, ASX-listed, after selling its US business; domestic wagering with frequent small deposits and payouts.",,,Not Contacted,,,,,,Australia,AU + CA,~$250M (FY24/25),Search: PointsBet,
Stake (Betting),stake.com,Sports Betting,"Crypto-first online casino and sportsbook operating globally under Curacao and other licences; crypto and fiat deposits, very high transaction volume.",,,Not Contacted,,,,,,Curacao,Global,,https://www.linkedin.com/company/stakecasino,
Baemin,baemin.com,Super Apps & On-Demand Delivery,"South Korea's largest food delivery app, owned by Delivery Hero; very high domestic order volume paid by card and local wallets.",,,Not Contacted,,,,,,South Korea,South Korea,,Search: Baemin,
BigBasket,bigbasket.com,Super Apps & On-Demand Delivery,"Indian online grocer owned by Tata; scheduled and quick delivery, high order volume, mix of UPI and cash on delivery.",,,Not Contacted,,,,,Juspay,India,,~$1.2B — JUSPAY CLIENT,https://www.linkedin.com/company/bigbasket-com,
Bigshort Tails Private Limited,blitznow.in,Super Apps & On-Demand Delivery,"Bengaluru last-mile and same-day delivery logistics operator for D2C brands; B2B shipping and cash-on-delivery remittance, not a consumer app.",,,Not Contacted,,,,,Juspay,India,,,Search: Bigshort Tails Private Limited,
Coupang Eats,coupangeats.com,Super Apps & On-Demand Delivery,Coupang's Korean food delivery arm; high-frequency domestic orders tied to Coupang Pay and Rocket Wow membership billing.,,,Not Contacted,,,,,,South Korea,South Korea,,Search: Coupang Eats,
Deliveroo Hong Kong,deliveroo.com.hk,Super Apps & On-Demand Delivery,"Food and grocery delivery in Hong Kong; frequent small-value card, Octopus and wallet payments plus rider and restaurant payouts.",,,Not Contacted,,,,,,Hong Kong,Hong Kong,,Search: Deliveroo Hong Kong,
EASI,foodpanda.com.tw,Super Apps & On-Demand Delivery,"Food and grocery delivery operating in Taiwan under the foodpanda brand; high-frequency small orders paid by card, local wallets and cash.",,,Not Contacted,,,,,,Taiwan,Taiwan,,Search: EASI,
Ele.me,ele.me,Super Apps & On-Demand Delivery,"Alibaba's Chinese food delivery platform; enormous daily order volume settled through Alipay, with rider and merchant payouts.",,,Not Contacted,,,,,,China,,Part of Alibaba local svcs,Search: Ele.me,
Foodpanda,foodpanda.com,Super Apps & On-Demand Delivery,"Delivery Hero's Asian food and grocery delivery brand across Singapore, Thailand, Malaysia and more; multi-country, multi-currency, cash-heavy in places.",,,Not Contacted,,,,,,Singapore,8 APAC markets (TW selling to Grab),Part of Delivery Hero,Search: Foodpanda,
Gojek,gojek.com,Super Apps & On-Demand Delivery,"Indonesian ride-hailing, food delivery and logistics app; very high domestic transaction volume using the GoPay wallet and cash.",,,Not Contacted,,,,,In-house Routing,Indonesia,,,Search: Gojek,
GoTo (Gojek),gotocompany.com,Super Apps & On-Demand Delivery,Indonesian group combining Gojek and Tokopedia; on-demand services and e-commerce with GoPay handling payments and merchant settlement.,,,Not Contacted,,,,,In-house Routing,Indonesia,Indonesia,Part of GoTo,Search: GoTo (Gojek),
Grab,grab.com,Super Apps & On-Demand Delivery,"Southeast Asian super app for ride-hailing, delivery and financial services across eight countries; multi-currency, high volume, GrabPay wallet.",,,Not Contacted,,,,In-house GrabPay stack + external acquiring partners,In-house Routing,Singapore,SG/MY/ID/PH/VN/TH/KH/MM + TW (2026),$955M Q1'26 (+24% YoY); FY26 guide ~$4.05B,Search: Grab,
J&T Express,jtexpress.co.id,Super Apps & On-Demand Delivery,"Indonesian-founded parcel delivery network across Southeast Asia, China and beyond; heavy cash-on-delivery collection and cross-border merchant remittance.",,,Not Contacted,,,,,,Indonesia,Indonesia,,Search: J&T Express,
Lalamove,lalamove.com,Super Apps & On-Demand Delivery,Hong Kong on-demand delivery and trucking marketplace operating across Asia and Latin America; driver payouts in many currencies.,,,Not Contacted,,,,,,Hong Kong,HK + Asia + LATAM,~$1.5B est. (private),Search: Lalamove,
LINE MAN,lmwn.com,Super Apps & On-Demand Delivery,"Thai food delivery and errands app under LINE MAN Wongnai; domestic orders paid by card, PromptPay and cash.",,,Not Contacted,,,,,,Thailand,,,Search: LINE MAN,
Menulog,menulog.com.au,Super Apps & On-Demand Delivery,Australian and New Zealand food delivery marketplace owned by Just Eat Takeaway; frequent card payments and restaurant payouts.,,,Not Contacted,,,,,,Australia,Australia (Just Eat),~$200M est. seg,Search: Menulog,
Pronto,pronto.in,Super Apps & On-Demand Delivery,"Indian app offering 10-minute at-home cleaning and household help in Delhi NCR; small-ticket, high-frequency bookings paid via UPI.",,,Not Contacted,,,,,Juspay,India,,,Search: Pronto,
Snabbit,snabbit.in,Super Apps & On-Demand Delivery,"Mumbai-based app for 10-minute home services such as cleaning and dishwashing; small-value, high-frequency domestic bookings.",,,Not Contacted,,,,,Juspay,India,,,Search: Snabbit,
Swiggy,swiggy.com,Super Apps & On-Demand Delivery,"Indian food delivery and Instamart quick commerce; very high daily order volume, UPI-dominated payments plus restaurant and rider payouts.",,,Not Contacted,,,,,Juspay,India,India,~$1.8B (FY25) — JUSPAY CLIENT,Search: Swiggy,
Tata Digital,tatadigital.com,Super Apps & On-Demand Delivery,"Tata Group's digital arm running the Tata Neu super app; commerce, loyalty and payments spanning Tata's Indian consumer brands.",,,Not Contacted,,,,,Juspay,India,,,Search: Tata Digital,
Urban Company,urbancompany.com,Super Apps & On-Demand Delivery,"Indian at-home services marketplace for cleaning, beauty and repairs, also operating in the UAE and Singapore; partner payouts.",,,Not Contacted,,,,,Juspay,India,,,Search: Urban Company,
Yogiyo,yogiyo.co.kr,Super Apps & On-Demand Delivery,South Korean food delivery app owned by GS Retail; domestic orders paid by card and local wallets.,,,Not Contacted,,,,,,South Korea,South Korea,~$300M est.,Search: Yogiyo,
ZAAROZ,zaaroz.in,Super Apps & On-Demand Delivery,"Indian food delivery app focused on tier-2 and tier-3 cities, pitching lower restaurant commissions; domestic orders paid via UPI.",,,Not Contacted,,,,,Juspay,India,,,Search: ZAAROZ,
Zomato,zomato.com,Super Apps & On-Demand Delivery,"Indian food delivery and restaurant discovery platform (Eternal), also owns Blinkit quick commerce; very high UPI-heavy order volume.",,,Not Contacted,,,,,Juspay,India,India + MENA,~$2.4B (FY25),Search: Zomato,
AIS,ais.co.th,Telecom,"Thailand's largest mobile operator; prepaid top-ups, postpaid subscriptions and fibre broadband billing for tens of millions of subscribers.",,,Not Contacted,,,,,,Thailand,Thailand,~$5.5B (FY24),Search: AIS,
Axiata,axiata.com,Telecom,"Malaysian telecom group with mobile operators in Indonesia, Sri Lanka, Bangladesh and Cambodia; multi-country prepaid top-ups and recurring billing.",,,Not Contacted,,,,,,,MY + 5 Asian markets,~$5B (FY24),Search: Axiata,
Bharti Airtel,airtel.in,Telecom,"India's second-largest mobile operator, also large across Africa; recurring prepaid recharges and postpaid bills at enormous volume.",,,Not Contacted,,,,,Juspay,India,IN + Africa,~$18B (FY25) — JUSPAY CLIENT,https://www.linkedin.com/company/bharti-airtel-limited.-airtel-enterprise-services-,
BSNL,bsnl.co.in,Telecom,"India's state-owned telecom operator providing mobile, broadband and landline services; domestic prepaid recharges and monthly billing.",,,Not Contacted,,,,,,India,India,~$2.5B (FY24),Search: BSNL,
CAT Telecom,cattelecom.com,Telecom,"Thai state-owned telecom, now merged with TOT into National Telecom; wholesale, broadband and enterprise connectivity services.",,,Not Contacted,,,,,,Thailand,,,Search: CAT Telecom,
Celcom,celcom.com.my,Telecom,"Malaysian mobile operator, now merged with Digi into CelcomDigi; prepaid top-ups and postpaid subscriptions sold domestically.",,,Not Contacted,,,,,,Malaysia,Malaysia (now CelcomDigi),See CelcomDigi,Search: Celcom,
China Mobile,chinamobile.com,Telecom,"World's largest mobile operator by subscribers, state-owned; domestic prepaid and postpaid billing plus broadband and enterprise cloud.",,,Not Contacted,,,,,,China,China,~$140B (FY24),Search: China Mobile,
China Telecom,chinatelecom.com.cn,Telecom,"State-owned Chinese operator for mobile, fixed broadband and cloud; recurring subscription billing for hundreds of millions of users.",,,Not Contacted,,,,,,China,China,~$72B (FY24),Search: China Telecom,
China Unicom,chinaunicom.com,Telecom,State-owned Chinese mobile and broadband operator; recurring domestic subscriber billing alongside enterprise and cloud services.,,,Not Contacted,,,,,,China,China,~$52B (FY24),Search: China Unicom,
Chunghwa Telecom,cht.com.tw,Telecom,"Taiwan's largest telecom operator, covering mobile, broadband and enterprise IT; domestic recurring billing and prepaid top-ups.",,,Not Contacted,,,,,,Taiwan,Taiwan,~$7B (FY24),Search: Chunghwa Telecom,
Circles.Life,circles.life,Telecom,"Singapore digital MVNO selling app-based mobile plans, and licensing its telco software platform to operators in other markets.",,,Not Contacted,,,,,,Singapore,SG/AU/JP/TW,~$100M est.,Search: Circles.Life,
Companhia de Telecomunicações de Macau,ctm.net,Telecom,"Macau's incumbent telecom operator for mobile, broadband and TV; recurring local billing plus roaming services for visitors.",,,Not Contacted,,,,,,Macau,,,Search: Companhia de Telecomunicações de Macau,
Dialog Axiata,dialog.lk,Telecom,"Sri Lanka's largest mobile operator, part of Axiata; prepaid reloads, postpaid billing and the eZ Cash mobile wallet.",,,Not Contacted,,,,,,Sri Lanka,Sri Lanka,~$500M (FY24),Search: Dialog Axiata,
Digi (CelcomDigi),celcomdigi.com,Telecom,Malaysia's largest mobile operator after the Celcom-Digi merger; prepaid top-ups and postpaid subscriptions for roughly twenty million users.,,,Not Contacted,,,,,Juspay,Malaysia,Malaysia,,https://www.linkedin.com/company/celcomdigi,
DTAC,dtac.co.th,Telecom,Thai mobile operator now merged into True Corporation; prepaid top-ups and postpaid subscription billing in the domestic market.,,,Not Contacted,,,,,,Thailand,Thailand (merged into True),See True Corp,Search: DTAC,
FarEasTone,fetnet.net,Telecom,"Taiwanese mobile operator also selling broadband, cloud and digital services; recurring domestic subscriber billing and prepaid top-ups.",,,Not Contacted,,,,,,Taiwan,Taiwan,~$3.3B (FY24),Search: FarEasTone,
FPT Telecom,fpt.vn,Telecom,Vietnamese broadband and pay-TV provider under FPT Group; recurring monthly subscriptions with significant cash and bank-transfer collection.,,,Not Contacted,,,,,,Vietnam,Vietnam,~$700M (FY24),Search: FPT Telecom,
Globe Telecom,globe.com.ph,Telecom,"Philippine mobile and broadband operator; heavy prepaid load top-ups and GCash affiliation, with very high small-value transaction volume.",,,Not Contacted,,,,,,Philippines,Philippines,~$3.2B (FY24),Search: Globe Telecom,
Grameenphone,grameenphone.com,Telecom,"Bangladesh's largest mobile operator, majority owned by Telenor; prepaid airtime top-ups dominate, funded mostly by cash and mobile money.",,,Not Contacted,,,,,,Bangladesh,Bangladesh,~$1.4B (FY24),Search: Grameenphone,
HKT (PCCW),hkt.com,Telecom,"Hong Kong's largest telecom operator across mobile, broadband and pay-TV; recurring local billing and enterprise connectivity services.",,,Not Contacted,,,,,,Hong Kong,Hong Kong,,Search: HKT (PCCW),
Hutchison Telecom,hthkh.com,Telecom,Hong Kong mobile operator running the 3 brand; prepaid roaming SIMs for travellers plus postpaid subscription billing.,,,Not Contacted,,,,,,Hong Kong,,~$600M (FY24),Search: Hutchison Telecom,
Indosat Ooredoo,ioh.co.id,Telecom,"Indonesian mobile operator; prepaid top-ups dominate revenue, sold through retail agents and digital channels at very high transaction counts.",,,Not Contacted,,,,,,Indonesia,Indonesia,~$3.5B (FY24),Search: Indosat Ooredoo,
Indosat Ooredoo Hutchison,indosatooredoo.com,Telecom,Indonesia's second-largest mobile operator after the Indosat-Tri merger; mass-market prepaid top-ups and digital services.,,,Not Contacted,,,,,,Indonesia,Indonesia,,Search: Indosat Ooredoo Hutchison,
JAS Mobile,jasmine.com,Telecom,Thai telecom in the Jasmine/3BB lineage selling fixed broadband and mobile plans to domestic consumers; recurring monthly billing.,,,Not Contacted,,,,,,Thailand,,,Search: JAS Mobile,
Jio Platforms,jio.com,Telecom,"India's largest mobile operator plus broadband and digital services; enormous volume of small prepaid recharges, mostly via UPI.",,,Not Contacted,,,,,,India,India,~$12B (FY24),Search: Jio Platforms,
KDDI,kddi.com,Telecom,"Japan's second-largest mobile carrier (au brand), plus fixed broadband, payments and IoT; recurring monthly billing at national scale.",,,Not Contacted,,,,,,Japan,Japan,~$38B (FY24),Search: KDDI,
KT Corporation,kt.com,Telecom,"South Korea's fixed-line incumbent and second-largest mobile carrier; broadband, IPTV and cloud sold on recurring monthly subscriptions.",,,Not Contacted,,,,,,South Korea,,,Search: KT Corporation,
LG Uplus,lguplus.com,Telecom,"South Korea's third mobile carrier, also selling broadband, IPTV and enterprise IoT; consumer base on recurring monthly billing.",,,Not Contacted,,,,,,South Korea,South Korea,~$11B (FY24),Search: LG Uplus,
Macroview Telecom,macroview.com,Telecom,"Hong Kong IT infrastructure and managed ICT integrator for enterprises, part of HGC Group; B2B contracts rather than consumer billing.",,,Not Contacted,,,,,,,,~$100M est.,Search: Macroview Telecom,
Maxis,maxis.com.my,Telecom,"Malaysia's largest mobile operator by revenue, also fibre and enterprise ICT; domestic prepaid top-ups and monthly postpaid billing.",,,Not Contacted,,,,,,Malaysia,Malaysia,~$2.2B (FY24),Search: Maxis,
MobiFone,mobifone.vn,Telecom,Vietnamese state-owned mobile operator; prepaid-heavy subscriber base with high volumes of small top-ups paid via cash and local wallets.,,,Not Contacted,,,,,,Vietnam,Vietnam,~$1.2B (FY24),Search: MobiFone,
Mobilink,jazz.com.pk,Telecom,"Pakistan's largest mobile operator, branded Jazz and owned by VEON; runs the JazzCash wallet; heavily cash-based prepaid top-ups.",,,Not Contacted,,,,,,Pakistan,,,Search: Mobilink,
New World Telephone,hkbn.net,Telecom,Hong Kong fixed-line and broadband operator absorbed into HKBN; residential and enterprise connectivity sold on recurring contracts.,,,Not Contacted,,,,,,Hong Kong,,,Search: New World Telephone,
NTT Docomo,docomo.ne.jp,Telecom,"Japan's largest mobile operator with roughly 90 million subscribers, plus d Payment and dPoint; huge recurring monthly billing volume.",,,Not Contacted,,,,,,Japan,Japan,$42.8B,Search: NTT Docomo,
One NZ (Vodafone NZ),one.nz,Telecom,"New Zealand mobile and broadband operator, formerly Vodafone NZ; consumer and business plans billed monthly in one market.",,,Not Contacted,,,,,,New Zealand,New Zealand,,Search: One NZ (Vodafone NZ),
Optus,optus.com.au,Telecom,"Australia's second-largest telco, owned by Singtel; mobile, broadband and enterprise services on recurring monthly subscriptions.",,,Not Contacted,,,,,,Australia,Australia,~$5.5B (FY24),Search: Optus,
PCCW Limited,pccw.com,Telecom,"Hong Kong telecom and media group behind HKT and Viu streaming; subscription broadband, mobile and OTT video across several Asian markets.",,,Not Contacted,,,,,,Hong Kong,HK + regional (Viu parent),~$5B (FY24),Search: PCCW Limited,
PLDT,pldt.com,Telecom,"The Philippines' largest telecom group, fixed line plus Smart mobile; part-owner of the Maya wallet; very high prepaid top-up volumes.",,,Not Contacted,,,,,,Philippines,Philippines,~$3.8B (FY24),Search: PLDT,
Robi Axiata,robi.com.bd,Telecom,"Bangladesh's second-largest mobile operator, majority owned by Axiata; prepaid-dominant base with high-volume, low-value cash top-ups.",,,Not Contacted,,,,,,Bangladesh,Bangladesh,~$800M (FY24),Search: Robi Axiata,
Singtel,singtel.com,Telecom,Singapore's incumbent telco with mobile and enterprise operations across Asia and Australia; multi-country billing and cross-border settlement.,,,Not Contacted,,,,,,Singapore,"SG + regional assoc. (Airtel, Telkomsel, AIS, Globe stakes)",~$10.5B (FY25),Search: Singtel,
SK Telecom,sktelecom.com,Telecom,"South Korea's largest mobile carrier, also AI and navigation services; consumer subscriber base billed monthly at national scale.",,,Not Contacted,,,,,,South Korea,South Korea,~$13B (FY24),Search: SK Telecom,
SoftBank,softbank.jp,Telecom,"Japanese telecom operator (SoftBank, Y!mobile, LINE brands) tied to the PayPay wallet; large recurring mobile and broadband subscription base.",,,Not Contacted,,,,,,Japan,Japan,~$45B telecom seg (FY24),Search: SoftBank,
Spark New Zealand,spark.co.nz,Telecom,"New Zealand's largest telco selling mobile, broadband, cloud and data centre services to consumers and businesses on monthly subscriptions.",,,Not Contacted,,,,,,New Zealand,New Zealand,~$2.3B (FY24),Search: Spark New Zealand,
StarHub,starhub.com,Telecom,"Singapore telco selling mobile, broadband, pay TV and enterprise ICT; consumer subscriptions billed monthly in a single market.",,,Not Contacted,,,,,,Singapore,Singapore,~$1.7B (FY24),Search: StarHub,
Taiwan Mobile,taiwanmobile.com,Telecom,"Taiwanese mobile operator that also owns momo, the island's largest e-commerce site; telecom subscriptions plus very high online retail volume.",,,Not Contacted,,,,,,Taiwan,Taiwan,~$6B (FY24),Search: Taiwan Mobile,
Tata Play Fiber,tataplayfiber.com,Telecom,Indian broadband ISP arm of Tata Play selling fibre home internet plans to consumers; recurring prepaid and monthly subscription billing.,,,Not Contacted,,,,,Juspay,India,,,Search: Tata Play Fiber,
Telekom Malaysia,tm.com.my,Telecom,"Malaysia's fixed-line incumbent selling Unifi consumer broadband, wholesale fibre and enterprise ICT; domestic subscription billing.",,,Not Contacted,,,,,,,Malaysia,~$2.7B (FY24),Search: Telekom Malaysia,
Telenor,telenor.com.pk,Telecom,"Pakistani mobile operator with a largely prepaid subscriber base; small, frequent top-ups collected mostly in cash through retail agents.",,,Not Contacted,,,,,,Pakistan,,,Search: Telenor,
Telkom Indonesia,telkom.co.id,Telecom,"Indonesia's state-controlled telecom group: fixed broadband, enterprise services and majority owner of Telkomsel; nationwide prepaid and subscription billing.",,,Not Contacted,,,,,,Indonesia,Indonesia,~$9.5B (FY24),Search: Telkom Indonesia,
Telkomsel,telkomsel.com,Telecom,"Indonesia's largest mobile operator; overwhelmingly prepaid, with very high volumes of small top-ups via cash, retail agents and e-wallets.",,,Not Contacted,,,,,,Indonesia,Indonesia,,Search: Telkomsel,
Telstra,telstra.com.au,Telecom,"Australia's largest telco: mobile, fixed broadband, enterprise networks and subsea cables; recurring monthly billing at national scale.",,,Not Contacted,,,,,,Australia,Australia,~$15B (FY24/25),Search: Telstra,
Time,time.com.my,Telecom,"Malaysian fibre operator selling home broadband, enterprise connectivity and data centre services; domestic subscriptions plus regional wholesale capacity.",,,Not Contacted,,,,,,Malaysia,,,Search: Time,
TOT Public Company,tot.co.th,Telecom,"Thai state-owned fixed-line and broadband operator, since merged into National Telecom; domestic consumer and government services on recurring contracts.",,,Not Contacted,,,,,,Thailand,,,Search: TOT Public Company,
TPG Telecom (Vodafone AU),tpgtelecom.com.au,Telecom,"Australia's third mobile carrier, owner of Vodafone AU, TPG and iiNet broadband; consumer and business subscriptions billed monthly.",,,Not Contacted,,,,,,Australia,Australia,,Search: TPG Telecom (Vodafone AU),
True Corporation,truecorp.co.th,Telecom,"Thailand's largest mobile operator after merging with dtac; mobile, broadband and pay TV, with very high prepaid top-up volumes.",,,Not Contacted,,,,,,Thailand,Thailand,~$5.7B (FY24),Search: True Corporation,
U Mobile,u.com.my,Telecom,Malaysia's fourth mobile operator selling prepaid and postpaid plans and building a second 5G network; domestic consumer billing only.,,,Not Contacted,,,,,,Malaysia,Malaysia,~$700M,Search: U Mobile,
Ufone,ufone.com,Telecom,Pakistani mobile operator owned by PTCL/Etisalat; prepaid-heavy subscriber base with frequent small top-ups paid largely in cash.,,,Not Contacted,,,,,,Pakistan,,,Search: Ufone,
Viettel,viettel.com.vn,Telecom,"Vietnam's largest mobile operator, military-owned, with carrier subsidiaries in Africa, Asia and Latin America; multi-country prepaid billing.",,,Not Contacted,,,,,,Vietnam,VN + 10 intl markets,~$7B group (FY24),Search: Viettel,
VNPT,vnpt.com.vn,Telecom,"Vietnamese state telecom group running VinaPhone mobile and fixed broadband; domestic consumer and enterprise services, heavily prepaid and cash-collected.",,,Not Contacted,,,,,,Vietnam,Vietnam,~$2.4B (FY24),Search: VNPT,
Vodafone Idea (Vi),myvi.in,Telecom,India's third mobile operator; prepaid-dominant subscriber base generating very high volumes of small recharges through UPI and retail agents.,,,Not Contacted,,,,,Juspay,India,India,,Search: Vodafone Idea (Vi),
Wiom,wiom.in,Telecom,Indian startup selling low-cost shared home internet on daily and monthly prepaid plans in smaller cities; very high-volume micro-payments.,,,Not Contacted,,,,,Juspay,India,,,Search: Wiom,
XL Axiata,xl.co.id,Telecom,Indonesian mobile operator in the Axiata group; prepaid-dominated base with high volumes of small top-ups through retail and e-wallets.,,,Not Contacted,,,,,,Indonesia,Indonesia,~$2.2B (FY24),Search: XL Axiata,
ZTE,zte.com.cn,Telecom,"Chinese telecom equipment maker selling network gear to carriers worldwide, plus consumer handsets; large B2B contracts across many countries.",,,Not Contacted,,,,,,China,,~$17B (FY24),Search: ZTE,
CJ CGV,cgv.co.kr,Theaters & Cinemas,"South Korean cinema chain operating multiplexes in Korea, China, Vietnam, Indonesia and Turkey; ticketing and concessions across several currencies.",,,Not Contacted,,,,,,North Korea,KR + VN/ID/CN/TR,~$1.5B (FY24) [NOTE: source file says 'North Korea',Search: CJ CGV,
Golden Screen Cinemas,gsc.com.my,Theaters & Cinemas,"Malaysia's largest cinema chain, owned by PPB Group; ticket and concession sales through app, website and box office.",,,Not Contacted,,,,,,Malaysia,Malaysia,~$100M (PPB Group),Search: Golden Screen Cinemas,
Golden Village,gv.com.sg,Theaters & Cinemas,"Singapore's largest cinema operator, running multiplexes island-wide; ticketing and concessions sold online, in-app and at counters.",,,Not Contacted,,,,,,Singapore,Singapore,~$100M est.,Search: Golden Village,
Major Cineplex,majorcineplex.com,Theaters & Cinemas,"Thailand's dominant cinema chain, also running bowling and retail space; ticket sales online and at box office, domestic only.",,,Not Contacted,,,,,,Thailand,TH + SEA,~$250M (FY24),Search: Major Cineplex,
PVR INOX,pvrinox.com,Theaters & Cinemas,"India's largest multiplex cinema chain with roughly 1,700 screens; very high transaction volume from online ticketing and food sales.",,,Not Contacted,,,,,Juspay,India,India + Sri Lanka,~$730M (FY25),Search: PVR INOX,
TGV Cinemas,tgv.com.my,Theaters & Cinemas,"Malaysia's second-largest cinema chain; multiplex tickets and concessions sold through its app, website and box office counters.",,,Not Contacted,,,,,,Malaysia,,,Search: TGV Cinemas,
Toho Cinemas,tohotheater.jp,Theaters & Cinemas,Japanese multiplex chain owned by film studio Toho; nationwide cinemas with online seat reservation and concession sales.,,,Not Contacted,,,,,,Japan,Japan,Part of Toho ~$2B,Search: Toho Cinemas,
Adani Airports,adanione.com,Travel & Online Agencies (OTAs),"Indian airport operator running Mumbai and several other airports; its Adani One app sells flights, lounges, parking and duty-free.",,,Not Contacted,,,,,Juspay,India,,,https://www.linkedin.com/company/adaniairportsholdingsltd,
Akbar Travels,akbartravels.com,Travel & Online Agencies (OTAs),"Indian travel agency selling flights, hotels and visa services through branches, online and a B2B agent network; high ticketing volume.",,,Not Contacted,,,,,,India,,~$500M est.,Search: Akbar Travels,
Atlys,atlys.com,Travel & Online Agencies (OTAs),"Indian app for tourist visa applications; travellers pay government visa fees plus service charges online, largely cross-border.",,,Not Contacted,,,,,Juspay,India,,,https://www.linkedin.com/company/getatlys,
BYOjet,byojet.com,Travel & Online Agencies (OTAs),"Australian online travel agency selling discounted international flights and hotels, part of Flight Centre; cross-border bookings in several currencies.",,,Not Contacted,,,,,,Australia,,~$100M est. (Flight Centre),Search: BYOjet,
Cheapflights,cheapflights.com.sg,Travel & Online Agencies (OTAs),Flight price comparison site owned by Kayak/Booking Holdings; sends users to airlines and agencies and earns referral fees rather than booking.,,,Not Contacted,,,,,,,,,Search: Cheapflights,
Cleartrip,cleartrip.com,Travel & Online Agencies (OTAs),"Indian online travel agency for flights, hotels and trains, owned by Flipkart; high domestic booking volume with UPI-heavy payments.",,,Not Contacted,,,,,Juspay,India,,,https://www.linkedin.com/company/cleartrip,
EaseMyTrip,easemytrip.com,Travel & Online Agencies (OTAs),"Indian online travel agency selling flights, hotels and rail; thin-margin, high-volume domestic bookings paid mostly by UPI and cards.",,,Not Contacted,,,,,,India,India,~$70M (FY25),Search: EaseMyTrip,
Fliggy,fliggy.com,Travel & Online Agencies (OTAs),"Alibaba's online travel platform for Chinese travellers booking flights, hotels and tours; marketplace model with payouts to suppliers.",,,Not Contacted,,,,,,China,,Part of Alibaba,Search: Fliggy,
Flight Centre,flightcentre.com,Travel & Online Agencies (OTAs),Australian travel retailer with leisure shops and corporate brands FCM and Corporate Traveller worldwide; bookings settled across many currencies.,,,Not Contacted,,,,,,Australia,AU + Global,~$1.6B (FY24/25),Search: Flight Centre,
Goibibo,goibibo.com,Travel & Online Agencies (OTAs),"Indian online travel agency for flights, hotels, buses and trains, owned by MakeMyTrip; very high domestic transaction volume.",,,Not Contacted,,,,,Juspay,India,,,https://www.linkedin.com/company/goibibo,
GoSee Travel,gosee.travel,Travel & Online Agencies (OTAs),"Online marketplace comparing and booking car, campervan and motorhome rentals worldwide; deposits and supplier payouts across multiple currencies.",,,Not Contacted,,,,,,Hong Kong,,,Search: GoSee Travel,
Happyeasygo,happyeasygo.com,Travel & Online Agencies (OTAs),"Indian online travel agency focused on cheap domestic and international flight bookings; thin margins, high volume, cashback-driven promotions.",,,Not Contacted,,,,,,India,,,Search: Happyeasygo,
HeyMax,heymax.ai,Travel & Online Agencies (OTAs),Singapore travel rewards app where users earn and pool loyalty points to redeem for flights and hotels across Asia.,,,Not Contacted,,,,,Juspay,Singapore,,,https://www.linkedin.com/company/heymax,
HIS,his.co.jp,Travel & Online Agencies (OTAs),"Japanese travel agency selling packaged overseas tours, flights and hotels through branches and online; outbound cross-border bookings dominate.",,,Not Contacted,,,,,,Japan,,,Search: HIS,
Ixigo,ixigo.com,Travel & Online Agencies (OTAs),"Indian travel app for train, bus and flight bookings, strongest in tier-2 and tier-3 cities; very high volume of low-value transactions.",,,Not Contacted,,,,,Juspay,India,,~$100M (FY25),https://www.linkedin.com/company/ixigo,
Jalan.net,jalan.net,Travel & Online Agencies (OTAs),Recruit's Japanese hotel and ryokan booking site; large volume of domestic accommodation bookings with payouts to thousands of properties.,,,Not Contacted,,,,,,Japan,,Part of Recruit,Search: Jalan.net,
Jettzy,jettzy.com.au,Travel & Online Agencies (OTAs),"Australian online flight booking site selling discounted domestic and international airfares to consumers; small operator, cross-border ticketing.",,,Not Contacted,,,,,,Australia,,,Search: Jettzy,
Klook,klook.com,Travel & Online Agencies (OTAs),"Asia-focused booking platform for tours, attractions, transport and activities; marketplace with operator payouts across many currencies.",,,Not Contacted,,,,,,Singapore,,~$500M est. (private),Search: Klook,
Lalalocker,lalalocker.com,Travel & Online Agencies (OTAs),Taiwanese luggage storage network letting travellers book short-term storage at partner shops and hotels; small-ticket bookings with merchant payouts.,,,Not Contacted,,,,,,Taiwan,,,Search: Lalalocker,
Lastminute.com.au,lastminute.com.au,Travel & Online Agencies (OTAs),"Australian online travel site selling discounted last-minute flights, hotels and holiday packages to local consumers; domestic and outbound bookings.",,,Not Contacted,,,,,,Australia,,~$50M est.,Search: Lastminute.com.au,
Luxury Escapes,luxuryescapes.com,Travel & Online Agencies (OTAs),"Australian-founded online retailer of curated luxury hotel packages and cruises across Asia-Pacific; high-value bookings, multi-currency supplier payouts.",,,Not Contacted,,,,,,Singapore,,~$400M est.,Search: Luxury Escapes,
LY.com,ly.com,Travel & Online Agencies (OTAs),"Chinese online travel agency for trains, flights and hotels, distributed heavily through WeChat; very high domestic booking volume.",,,Not Contacted,,,,,,China,,~$2.4B (FY24),Search: LY.com,
MakeMyTrip,makemytrip.com,Travel & Online Agencies (OTAs),"India's largest online travel group, covering MakeMyTrip, Goibibo and redBus; flights, hotels and buses at very high transaction volume.",,,Not Contacted,,,,,Juspay,India,,$978.34M,https://www.linkedin.com/company/makemytrip.com,
Mix & Match,mixandmatchtravel.com.au,Travel & Online Agencies (OTAs),"Australian online travel agency selling discounted flights and hotel bookings to consumers; small independent operator, cross-border ticketing.",,,Not Contacted,,,,,,Australia,,,Search: Mix & Match,
Qunar,qunar.com,Travel & Online Agencies (OTAs),Chinese travel search and booking site owned by Trip.com Group; flights and hotels aimed at price-sensitive domestic travellers.,,,Not Contacted,,,,,,China,China,,Search: Qunar,
Rome2Rio,rome2rio.com,Travel & Online Agencies (OTAs),"Multi-modal journey planner comparing flights, trains, buses and ferries worldwide; earns referral fees, now part of Omio.",,,Not Contacted,,,,,,Australia,,Part of Omio,Search: Rome2Rio,
Shangri-La,shangri-la.com,Travel & Online Agencies (OTAs),"Hong Kong-based luxury hotel group with around 100 properties across Asia, Europe and the Middle East; multi-currency bookings and folio billing.",,,Not Contacted,,,,,,Hong Kong,,~$2.2B (FY24),Search: Shangri-La,
Skyscanner,skyscanner.net,Travel & Online Agencies (OTAs),"Flight, hotel and car hire metasearch owned by Trip.com Group; global traffic, mainly referral revenue with some direct booking.",,,Not Contacted,,,,,,,Global,Part of Trip.com,Search: Skyscanner,
TBO.com,tbo.com,Travel & Online Agencies (OTAs),Indian B2B travel distribution platform selling hotel and air inventory to travel agents worldwide; cross-border agent settlement and credit lines.,,,Not Contacted,,,,,,India,,"~$170M (FY25, TBO Tek)",Search: TBO.com,
The Ascott,discoverasr.com,Travel & Online Agencies (OTAs),"CapitaLand's serviced apartment and hotel operator with properties across Asia, Europe and the US; long-stay bookings billed in local currencies.",,,Not Contacted,,,,,,Singapore,"Global (SG, CapitaLand)",~$700M seg,Search: The Ascott,
tiket.com,tiket.com,Travel & Online Agencies (OTAs),"Indonesian online travel agency for flights, hotels, trains and events; bookings paid largely through bank transfer and local e-wallets.",,,Not Contacted,,,,,Juspay,Australia,,,Search: tiket.com,
TravClan,travclan.com,Travel & Online Agencies (OTAs),"Indian B2B platform where travel agents book flights, hotels and packages on credit; agent settlement and supplier payouts at volume.",,,Not Contacted,,,,,Juspay,India,,,Search: TravClan,
Traveloka,traveloka.com,Travel & Online Agencies (OTAs),"Southeast Asian online travel agency for flights, hotels and activities across several markets; heavy reliance on local payment methods.",,,Not Contacted,,,,,,India,,~$500M est. (private),Search: Traveloka,
Trip.com,trip.com,Travel & Online Agencies (OTAs),International brand of China's largest online travel group; flights and hotels booked cross-border in many currencies across Asia and Europe.,,,Not Contacted,,,,,In-house Routing,Singapore,,~$7.5B (FY24),Search: Trip.com,
Tuniu,tuniu.com,Travel & Online Agencies (OTAs),Chinese online travel agency selling packaged tours and holidays to domestic and outbound Chinese travellers; scale has shrunk considerably.,,,Not Contacted,,,,,,China,,~$60M (FY24),Search: Tuniu,
Webjet,webjet.com.au,Travel & Online Agencies (OTAs),"Australian online travel agency selling flights, hotels and holiday packages to consumers; cross-border bookings settled in multiple currencies.",,,Not Contacted,,,,,,Australia,AU/NZ + Global,~$300M (FY24/25),Search: Webjet,
Wego,wego.com,Travel & Online Agencies (OTAs),"Singapore-based travel search and booking site for flights and hotels, strongest in the Middle East and Southeast Asia; multi-currency, local payment methods.",,,Not Contacted,,,,,Juspay,Singapore,Singapore,,Search: Wego,
Wotif,wotif.com,Travel & Online Agencies (OTAs),Australian hotel and flight booking site owned by Expedia Group; mostly domestic leisure travel bookings for Australian and New Zealand consumers.,,,Not Contacted,,,,,,Australia,,Part of Expedia,Search: Wotif,
Yatra,yatra.com,Travel & Online Agencies (OTAs),"Indian online travel agency for flights, hotels and rail, with a large corporate travel arm; high-volume domestic rupee transactions.",,,Not Contacted,,,,,,India,India,~$60M (FY25),Search: Yatra,
Zuji,zuji.com,Travel & Online Agencies (OTAs),Former Asia-Pacific online travel agency selling flights and hotels from Hong Kong and Singapore; brand largely wound down.,,,Not Contacted,,,,,,,,,Search: Zuji,
Bolt.Earth,bolt.earth,Utilities & Energy,"Indian EV charging network selling chargers and app-based public charging; many small, frequent payments from two- and four-wheeler drivers.",,,Not Contacted,,,,,Juspay,India,,,https://www.linkedin.com/company/boltearth,
Exponent Energy,exponent.energy,Utilities & Energy,Indian company building rapid-charging battery packs and charging stations for commercial electric vehicles; sells to fleet operators and vehicle makers.,,,Not Contacted,,,,,Juspay,India,,,https://www.linkedin.com/company/exponent-energy,
HP Pay (HPCL),hppay.in,Utilities & Energy,"Fuel payment and loyalty app from Hindustan Petroleum, India's state-owned oil refiner; digital payments and prepaid wallets at petrol pumps.",,,Not Contacted,,,,,Juspay,India,,,https://www.linkedin.com/company/hindustan-petroleum,
Statiq,statiq.in,Utilities & Energy,Indian EV charging network operating app-based public charge points plus home and business chargers; high volume of small-value transactions.,,,Not Contacted,,,,,Juspay,India,,,Search: Statiq,
Syabas,airselangor.com,Utilities & Energy,Malaysian water utility (now Air Selangor) supplying treated water to Selangor and Kuala Lumpur; recurring bill collection from millions of households.,,,Not Contacted,,,,,,Malaysia,,,Search: Syabas,
Tata Power,tatapower.com,Utilities & Energy,"Indian integrated electricity utility covering generation, transmission and retail distribution, plus solar and EV charging; very high domestic bill-payment volume.",,,Not Contacted,,,,,Juspay,India,,,Search: Tata Power,
Tenaga Nasional Berhad,tnb.com.my,Utilities & Energy,"Malaysia's national electricity utility, generating and distributing power nationwide; recurring bill collection from millions of household and business accounts.",,,Not Contacted,,,,,,Malaysia,,,Search: Tenaga Nasional Berhad,
17LIVE,17.live,Video & Music Streaming,Taiwan- and Japan-based live-streaming app where viewers buy virtual gifts for creators; app-store billing plus creator payouts across Asia.,,,Not Contacted,,,,,,Taiwan/Japan,Taiwan/Japan,,Search: 17LIVE,
AbemaTV,abema.tv,Video & Music Streaming,"Japanese free ad-supported streaming TV service from CyberAgent, with a paid ABEMA Premium tier; overwhelmingly domestic Japanese audience.",,,Not Contacted,,,,,,Japan,Japan,~$1B est. (CyberAgent seg),Search: AbemaTV,
Anghami,anghami.com,Video & Music Streaming,Arabic-focused music streaming service headquartered in Abu Dhabi and Nasdaq-listed; subscriptions sold via cards and telco billing across MENA.,,,Not Contacted,,,,,,UAE/APAC listed,UAE/APAC listed,,Search: Anghami,
Anime Digital Network (Muse),museasia.com,Video & Music Streaming,Hong Kong-based anime licensor and distributor streaming Japanese titles across Southeast Asia via YouTube channels and partner platforms.,,,Not Contacted,,,,,,Hong Kong,Hong Kong,,Search: Anime Digital Network (Muse),
Arha Media & Broadcasting Private Limited,aha.video,Video & Music Streaming,"Operates aha, an Indian subscription streaming service for Telugu and Tamil originals, films and reality shows.",,,Not Contacted,,,,,Juspay,India,,,https://www.linkedin.com/company/arha-media-&-broadcasting-private-limited,
ARJ Solutions LLP,mastii.in,Video & Music Streaming,"Indian entertainment app offering Bollywood music videos and short-form video content to domestic viewers, monetised by ads and in-app purchases.",,,Not Contacted,,,,,Juspay,India,,,Search: ARJ Solutions LLP,
Astro GO (Malaysia),astro.com.my,Video & Music Streaming,"Streaming app of Astro, Malaysia's dominant pay-TV operator; subscription video bundled with satellite TV packages for Malaysian households.",,,Not Contacted,,,,,,Malaysia,Malaysia,~$700M (FY24/25),Search: Astro GO (Malaysia),
Atrangii,atrangii.com,Video & Music Streaming,"Indian OTT platform streaming Hindi and regional films, series and originals on low-priced subscriptions for domestic viewers.",,,Not Contacted,,,,,Juspay,India,,,https://www.linkedin.com/company/atrangii,
AWA,awa.fm,Video & Music Streaming,"Japanese music streaming subscription service backed by CyberAgent and Avex; domestic focus, billed through app stores and cards.",,,Not Contacted,,,,,,Japan,Japan,~$50M est.,Search: AWA,
Boomplay,boomplay.com,Video & Music Streaming,"Music streaming and download app for African markets, owned by China's Transsion; subscriptions paid largely via mobile money and telco billing.",,,Not Contacted,,,,,,China,China,,Search: Boomplay,
Catchplay+,catchplay.com,Video & Music Streaming,"Taiwan-based film and series streaming service operating in Taiwan, Singapore and Indonesia; monthly subscriptions plus transactional rentals.",,,Not Contacted,,,,,,Taiwan,TW/ID/SG,~$50M est.,Search: Catchplay+,
Coupang Play,coupangplay.com,Video & Music Streaming,"South Korean streaming service bundled into Coupang's Rocket WOW membership; sports rights, originals and licensed films.",,,Not Contacted,,,,,,South Korea,KR + TW,Part of Coupang,Search: Coupang Play,
d2h (Dish TV),d2h.com,Video & Music Streaming,Indian direct-to-home satellite TV brand merged with Dish TV; revenue from frequent small prepaid recharges by small-town and rural subscribers.,,,Not Contacted,,,,,Juspay,India,,,Search: d2h (Dish TV),
Dish TV India,dishtv.in,Video & Music Streaming,"India's largest DTH satellite pay-TV operator, running the Dish TV, d2h and Zing brands; millions of small prepaid recharges monthly.",,,Not Contacted,,,,,Juspay,India,,,https://www.linkedin.com/company/dish-tv,
dramabox,dramaboxdb.com,Video & Music Streaming,Chinese-owned vertical short-drama app streaming one-minute episodes to a global audience; monetised by in-app coin purchases and app-store billing.,,,Not Contacted,,,,,,,,~$500M est. (fast-growing short drama),Search: dramabox,
Dramarewards,dramarewards.com,Video & Music Streaming,Hong Kong-registered app streaming short-form drama series to consumers; monetised through in-app episode and coin purchases.,,,Not Contacted,,,,,,Hong Kong,,,Search: Dramarewards,
FanCode,fancode.com,Video & Music Streaming,Indian sports streaming and merchandise platform owned by Dream Sports; match and season passes with huge concurrency during live cricket.,,,Not Contacted,,,,,Juspay,India,,,https://www.linkedin.com/company/fancode,
Flareflow,flareflow.tv,Video & Music Streaming,Vertical micro-drama streaming app with strong US download rankings; short episodes unlocked through in-app coin purchases.,,,Not Contacted,,,,,,,,,Search: Flareflow,
Flick Media Private Limited,flicktv.in,Video & Music Streaming,"Runs Flick TV, an Indian vertical micro-drama app; viewers buy coins to unlock short episodes, billed mainly in-app.",,,Not Contacted,,,,,Juspay,India,,,Search: Flick Media Private Limited,
Gaana,gaana.com,Video & Music Streaming,Indian music streaming app owned by Times Internet; free ad-supported tier plus very low-priced domestic subscriptions.,,,Reengage,"Spoke on 26 Aug, reengage on 26 Sep. As the expansion plan is stilll in discussion.",Umang,"Spoke with him on 26 Aug, the expansion plans are still in discussion phase, reengage after a month.",,Juspay,India,,,https://www.linkedin.com/company/gammagaana,
Genie Music,genie.co.kr,Video & Music Streaming,South Korean music streaming service owned by telecom operator KT; monthly subscriptions frequently bundled with mobile plans.,,,Not Contacted,,,,,,South Korea,South Korea,~$200M (FY24),Search: Genie Music,
Goblins Studios LLP,snaptv.asia,Video & Music Streaming,"Runs SnapTV, an Indian app streaming short-form drama and micro-learning shows; episodes unlocked through in-app purchases.",,,Not Contacted,,,,,Juspay,India,,,Search: Goblins Studios LLP,
Greenhorn Wellness Private Limited,storytv.asia,Video & Music Streaming,"Runs Story TV, an Indian vertical short-drama app; viewers buy coins in-app to unlock episodes.",,,Not Contacted,,,"Parent Entity of StoryTV and Master AI has significant business outside India as well, can be targeted after research.",,Juspay,India,,,Search: Greenhorn Wellness Private Limited,
Hoichoi,hoichoi.tv,Video & Music Streaming,"Bengali-language subscription streaming service from SVF Entertainment; subscribers across India, Bangladesh and the Bengali diaspora, so multi-currency billing.",,,Not Contacted,,,,,Juspay,India,,,https://www.linkedin.com/company/hoichoitv,
Hungama,hungama.com,Video & Music Streaming,Indian digital entertainment company running music and video streaming apps and licensing content to telcos and device makers.,,,Not Contacted,,,,,Juspay,India,,,https://www.linkedin.com/company/hungama-digital-media-entertainment-pvt-ltd-,
huya （虎牙直播）,huya.com,Video & Music Streaming,Chinese live game-streaming platform backed by Tencent; most revenue comes from viewers buying virtual gifts for streamers.,,,Not Contacted,,,,,,China,,,Search: huya （虎牙直播）,
iQIYI,iq.com,Video & Music Streaming,Chinese subscription video streaming service; iq.com is its international app serving Southeast Asia and other overseas markets.,,,Not Contacted,,,,,,China,China,,Search: iQIYI,
JioSaavn,jiosaavn.com,Video & Music Streaming,Indian music streaming app owned by Reliance Jio; free tier plus low-ARPU subscriptions often bundled into Jio mobile plans.,,,Not Contacted,,,,,Juspay,India,,,https://www.linkedin.com/company/jio-saavn,
JOOX,joox.com,Video & Music Streaming,"Music streaming app run by Tencent Music for Hong Kong and Southeast Asia; subscriptions via cards, e-wallets and telco billing.",,,Not Contacted,,,,,,Hong Kong,HK/SEA,Part of TME,Search: JOOX,
KKBOX,kkbox.com,Video & Music Streaming,"Taiwan-based music streaming service also operating in Japan, Hong Kong, Singapore and Malaysia; recurring subscriptions billed across several currencies.",,,Not Contacted,,,,,,Taiwan,TW/HK/JP/SG,~$100M est.,Search: KKBOX,
Kuku FM,kukufm.com,Video & Music Streaming,"Indian audio app selling audiobooks, audio series and courses in Indian languages; large base of low-priced recurring subscriptions.",,,Not Contacted,,,,,Juspay,India,,,https://www.linkedin.com/company/kukufm,
Mango TV,mgtv.com,Video & Music Streaming,"Chinese streaming platform owned by Hunan Broadcasting, known for variety shows and dramas; funded by advertising plus paid memberships.",,,Not Contacted,,,,,,,,~$2B (FY24),Search: Mango TV,
Mediacorp meWATCH,mewatch.sg,Video & Music Streaming,"Streaming service of Mediacorp, Singapore's national broadcaster; free ad-supported tier plus a paid subscription for local and Asian content.",,,Not Contacted,,,,,,Singapore,Singapore,,Search: Mediacorp meWATCH,
Melon (Kakao),melon.com,Video & Music Streaming,"South Korea's largest music streaming service, operated by Kakao; monthly subscriptions and download passes for domestic listeners.",,,Not Contacted,,,,,,South Korea,South Korea,,Search: Melon (Kakao),
Moovi Play,mooviplay.com,Video & Music Streaming,Indian OTT app streaming films and web series to domestic viewers; subscription and in-app purchase billing.,,,Not Contacted,,,,,Juspay,India,,,Search: Moovi Play,
MX Player,mxplayer.in,Video & Music Streaming,"Indian free ad-supported streaming app, now part of Amazon; very large domestic audience with mostly advertising revenue.",,,Not Contacted,,,,,,India,India,,Search: MX Player,
Netshort,netshort.com,Video & Music Streaming,Vertical short-drama streaming app serving a global audience; episodes unlocked with in-app coin purchases through app-store billing.,,,Not Contacted,,,,,,,,,Search: Netshort,
NicoNico,nicovideo.jp,Video & Music Streaming,Japanese video and live-streaming site owned by Kadokawa's Dwango; paid premium memberships alongside user-generated video and events.,,,Not Contacted,,,,,,Japan,Japan,Part of Dwango/Kadokawa,Search: NicoNico,
Pocket FM,pocketfm.com,Video & Music Streaming,Indian audio-series platform selling episodic fiction by the episode; coin microtransactions with large audiences in India and the US.,,,Not Contacted,,,,,Juspay,India,,,https://www.linkedin.com/company/pocket-fm,
Pococha (DeNA),pococha.com,Video & Music Streaming,"DeNA's Japanese live-streaming app; viewers buy coins to gift streamers, and the platform pays those streamers out.",,,Not Contacted,,,,,,Japan,Japan,,Search: Pococha (DeNA),
Reelshort,reelshort.com,Video & Music Streaming,"Vertical micro-drama app from Crazy Maple Studio, owned by China's COL Group; English-language short series monetised by in-app coin purchases.",,,Not Contacted,,,,,,,,~$1B est. (Crazy Maple/COL),Search: Reelshort,
Resso (Moonton/ByteDance),resso.com,Video & Music Streaming,"ByteDance music streaming app built for emerging markets such as Indonesia and Brazil; ad-supported and subscription tiers, India service since closed.",,,Not Contacted,,,,,,China/Singapore,China/Singapore,,Search: Resso (Moonton/ByteDance),
Shanghai Maitang Information Technology (Niki Live),niki.live,Video & Music Streaming,"Chinese operator of Niki Live, a live-streaming and audio party app popular in Southeast Asia and the Middle East; virtual gifting plus host payouts.",,,Not Contacted,,,,,,China,,,Search: Shanghai Maitang Information Technology (Niki Live),
Shemaroo Entertainment,shemaroome.com,Video & Music Streaming,"Indian media company licensing Hindi film, devotional and regional content, and running the ShemarooMe subscription streaming app.",,,Not Contacted,,,,,Juspay,India,,,Search: Shemaroo Entertainment,
Shortmax,shorttv.live,Video & Music Streaming,Vertical short-drama streaming app with an international catalogue; coin-based in-app purchases unlock episodes for viewers worldwide.,,,Not Contacted,,,,,,,,~$300M est.,Search: Shortmax,
SHOWROOM,showroom-live.com,Video & Music Streaming,"Japanese live-streaming platform for idols, musicians and performers; viewers buy virtual gifts and revenue is shared with talent.",,,Not Contacted,,,,,,Japan,Japan,~$100M est.,Search: SHOWROOM,
SonyLIV,sonyliv.com,Video & Music Streaming,"Indian subscription streaming service from Sony Pictures Networks, carrying sport, originals and catch-up TV for domestic and diaspora viewers.",,,Not Contacted,,,,,Juspay,India,,,Search: SonyLIV,
SPOTV NOW,spotvnow.co.kr,Video & Music Streaming,"South Korean sports streaming service from broadcaster SPOTV, selling subscription access to overseas leagues and events.",,,Not Contacted,,,,,,South Korea,South Korea,,Search: SPOTV NOW,
STAGE,stage.in,Video & Music Streaming,"Indian OTT streaming dialect content in Haryanvi, Rajasthani and Bhojpuri; very low-priced subscriptions aimed at regional audiences.",,,Not Contacted,,,,,Juspay,India,,,Search: STAGE,
Storytel,storytel.com,Video & Music Streaming,Swedish audiobook and ebook subscription service operating across Europe and parts of Asia; recurring billing in many countries and currencies.,,,Not Contacted,,,,,,,,,Search: Storytel,
Tata Play,tataplay.com,Video & Music Streaming,"India's largest DTH satellite TV operator, also selling broadband and the Binge streaming aggregator; huge volume of small prepaid recharges.",,,Not Contacted,,,,,Juspay,India,,,Search: Tata Play,
Trueid (True Corp),trueid.net,Video & Music Streaming,"Thai streaming and content app from telecom operator True; free and paid tiers, often billed through True mobile accounts.",,,Not Contacted,,,,,,Thailand,Thailand,,Search: Trueid (True Corp),
TVING,tving.com,Video & Music Streaming,"South Korean subscription streaming service owned by CJ ENM; dramas, variety shows and KBO baseball rights for domestic subscribers.",,,Not Contacted,,,,,,South Korea,Korea + JP/TW expansion,~$300M est.,Search: TVING,
U-NEXT,video.unext.jp,Video & Music Streaming,"Japanese subscription video service with a large paid catalogue plus monthly rental points; also sells books, manga and live events.",,,Not Contacted,,,,,Juspay,Japan,Japan,,Search: U-NEXT,
Vidio,vidio.com,Video & Music Streaming,"Indonesian streaming service owned by Emtek, strong in local shows and live football; subscriptions paid heavily via e-wallets and telco billing.",,,Not Contacted,,,,,,Indonesia,Indonesia,~$150M est.,Search: Vidio,
Viki (Rakuten),viki.com,Video & Music Streaming,"Rakuten-owned streaming service for Asian dramas with fan-made subtitles; most paying subscribers sit outside Asia, so multi-currency billing.",,,Not Contacted,,,,,,Japan/Singapore,Japan/Singapore,,Search: Viki (Rakuten),
Watcho (Dish TV),watcho.com,Video & Music Streaming,"Dish TV India's streaming app, bundling its own originals with aggregated third-party OTT subscriptions for the group's DTH base.",,,Not Contacted,,,,,Juspay,India,,,Search: Watcho (Dish TV),
Wavve,wavve.com,Video & Music Streaming,South Korean streaming joint venture of SK Telecom and the terrestrial broadcasters; domestic subscription video for Korean viewers.,,,Not Contacted,,,,,,South Korea,South Korea,~$250M est.,Search: Wavve,
WeTV,wetv.vip,Video & Music Streaming,Tencent Video's international streaming app for Southeast Asia; Chinese and local-language dramas sold on subscription in several markets.,,,Not Contacted,,,,,,China,CN + SEA,Part of Tencent Video,Search: WeTV,
Zee5 Global,zee5.com,Video & Music Streaming,Zee Entertainment's streaming service selling multi-language Indian content to subscribers in India and the diaspora across many countries and currencies.,,,Not Contacted,,,,,Juspay,India,India,,Search: Zee5 Global,
Ziipin,ziipin.com,Video & Music Streaming,"Chinese mobile app developer behind the Badam keyboard and related entertainment apps for Uyghur-, Arabic- and other non-Latin-script users.",,,Not Contacted,,,,,,,,,Search: Ziipin,
YuppTV,yupptv.com,Video & Music Streaming,"Indian OTT platform streaming South Asian TV and film to the diaspora; cross-border subscriptions billed across US, UK, Australia and the Gulf.",,,Not Contacted,,,Do the research and target this account ASAP.,,,India,India + Global (diaspora),,https://www.linkedin.com/company/yupptv,
Alibaba Cloud,alibabacloud.com,Web & Cloud Hosting,"Alibaba's cloud computing arm selling compute, storage, database and AI services to businesses in China and internationally; usage-based recurring billing.",,,Not Contacted,,,,"cards, PayPal, Alipay",,China,,~$15B seg (Alibaba),Search: Alibaba Cloud,
BigRock,bigrock.in,Web & Cloud Hosting,Indian domain registrar and shared web hosting brand under Newfold Digital; recurring renewals from small businesses and individual developers.,,,Not Contacted,,,,,,India,,~$20M est. (Endurance),Search: BigRock,P2
Crazy Domains,crazydomains.com.au,Web & Cloud Hosting,"Australian domain registration and web hosting provider for small businesses, part of Dreamscape Networks; subscription renewals across several markets.",,,Not Contacted,,,,,,Australia,,~$50M est. (DreamscapeNetworks),Search: Crazy Domains,
DreamIT Host,dreamithost.com.au,Web & Cloud Hosting,"Small Australian web hosting provider selling shared hosting, VPS and domain names to local small businesses; recurring plan renewals.",,,Not Contacted,,,,,,Australia,,,Search: DreamIT Host,
Exabytes,exabytes.sg,Web & Cloud Hosting,"Malaysian web hosting, domain and cloud services provider serving SMEs across Southeast Asia; recurring renewals billed in several currencies.",,,Not Contacted,,,,,,Malaysia,,~$30M est.,Search: Exabytes,
Hostinger India,hostinger.in,Web & Cloud Hosting,"Indian arm of Lithuania-based Hostinger, selling cheap shared hosting, VPS and domains; locally priced recurring renewals at high volume.",,,Not Contacted,,,,,,India,,Hostinger group ~$150M,Search: Hostinger India,
Huawei Cloud,huaweicloud.com,Web & Cloud Hosting,"Huawei's public cloud business selling compute, storage and AI services to enterprises and government in China, Asia-Pacific and the Middle East.",,,Not Contacted,,,,,,China,,Part of Huawei ~$99B,Search: Huawei Cloud,P1
MilesWeb,milesweb.com,Web & Cloud Hosting,"Indian web hosting provider offering shared, reseller, VPS and dedicated hosting plus domains to small businesses; recurring renewal billing.",,,Not Contacted,,,,,,India,,~$10M est.,Search: MilesWeb,P1
VentraIP,ventraip.com.au,Web & Cloud Hosting,Australian domain registrar and web hosting provider for small businesses and resellers; recurring hosting and domain renewals billed in AUD.,,,Not Contacted,,,,,,Australia,,~$30M est.,Search: VentraIP,
z.ai (Zhipu AI),z.ai,AI,"International property of Zhipu AI (HKEX: 2513, IPO Jan 2026). Sells prepaid GLM API credits and auto-renewing GLM Coding Plan subscriptions from $18/mo, USD-only, to 233 countries. Billed by JINGSHENG HENGXING TECHNOLOGY PTE. LTD. (Singapore, UEN 202346299M).",,,Not Contacted,,,"BLOCKED - compliance hold. Zhipu AI is on the US BIS Entity List (90 FR 4617, 16 Jan 2025, presumption of denial); still listed in current eCFR. BIS 50% Affiliates Rule un-suspends 2026-11-10, which may sweep in the Singapore entity. Escalate to legal before any outreach. ICP 23/29. Research: 2-ready-to-outreach/z-ai.md","Stripe, PayPal",In-house (2 rails: Stripe + PayPal),China,"122 countries by traffic; company claims 233. Top: India 11.2%, US 8.8%, China 8.3%, Russia 6.9%, Indonesia 5.6%","~$142M (H1 2026, RMB 953.89M)",Search: Z.ai,P1
MiniMax (稀宇科技),minimax.io,AI,"HKEX 0100, listed Jan 2026 (Cayman listco, Shanghai R&D). Three lines: Open Platform developer API, Hailuo AI video, Talkie companion. H1 2026 revenue US$116.6M +283.1%; Open Platform now 63.4% of revenue (was 30.3%). APAC 61.1% of revenue, >70% international. Billed from Singapore by Nanonoble Pte. Ltd. (Hailuo + Open Platform) and SUBSUP Pte. Ltd. (Talkie).",,,Not Contacted,,,"ICP 23/29 - ties z.ai but NO compliance blocker: I checked BIS Entity List, OFAC SDN + Consolidated, DoD 1260H and BIS DPL, all negative with sanity-checked greps (the 6 'Xiyu' Entity List hits are all street names). IN-HOUSE motion: never say they need orchestration - they just finished replatforming payments themselves (live public config backend_payment_migration_percent = 100). HOOK: Apple bills their users in 16 currencies, their own checkout bills USD only; Vietnam is their #1 market at 15.33% and Stripe has no Vietnamese rail at all. Trustpilot 1.4/5 on Hailuo, 18+ open GitHub payment issues, own UI ships two 'Do not pay again' strings. Do NOT quote the US$800M ARR figure. Research: 2-ready-to-outreach/minimax-io.md","Stripe (primary), Airwallex (Hailuo/legacy), Alipay + WeChat (CN builds only), Apple/Google IAP, offline bank transfer",In-house (build-flag + jumpUrl null-check over Stripe/Airwallex/Alipay),China,"122 countries by traffic; company claims >230. Top: Vietnam 15.3%, India 10.9%, US 9.1%, Brazil 5.2%, Korea 3.5%, China 3.2%",$116.6M (H1 2026); $79.0M FY2025,Search: MiniMax,P1
